ticker,fiscal_year,period_end,metric,value,currency,unit,source,source_url
009150.KS,FY2022,2022-12-31,capex,-1345100.0967,KRW,mn,Yahoo Finance fundamentals-timeseries (annual),https://query1.finance.yahoo.com/ws/fundamentals-timeseries/v1/finance/timeseries/009150.KS
009150.KS,FY2023,2023-12-31,capex,-1256852.0507,KRW,mn,Yahoo Finance fundamentals-timeseries (annual),https://query1.finance.yahoo.com/ws/fundamentals-timeseries/v1/finance/timeseries/009150.KS
009150.KS,FY2024,2024-12-31,capex,-826641.1594,KRW,mn,Yahoo Finance fundamentals-timeseries (annual),https://query1.finance.yahoo.com/ws/fundamentals-timeseries/v1/finance/timeseries/009150.KS
009150.KS,Q:2025-06-30,2025-06-30,capex,-275573.7897,KRW,mn,Yahoo Finance fundamentals-timeseries (quarterly),https://query1.finance.yahoo.com/ws/fundamentals-timeseries/v1/finance/timeseries/009150.KS
009150.KS,Q:2025-09-30,2025-09-30,capex,-211724.3982,KRW,mn,Yahoo Finance fundamentals-timeseries (quarterly),https://query1.finance.yahoo.com/ws/fundamentals-timeseries/v1/finance/timeseries/009150.KS
009150.KS,FY2025,2025-12-31,capex,-1246323.5444,KRW,mn,Yahoo Finance fundamentals-timeseries (annual),https://query1.finance.yahoo.com/ws/fundamentals-timeseries/v1/finance/timeseries/009150.KS
009150.KS,Q:2025-12-31,2025-12-31,capex,-569769.658,KRW,mn,Yahoo Finance fundamentals-timeseries (quarterly),https://query1.finance.yahoo.com/ws/fundamentals-timeseries/v1/finance/timeseries/009150.KS
009150.KS,Q:2026-03-31,2026-03-31,capex,-265327.0057,KRW,mn,Yahoo Finance fundamentals-timeseries (quarterly),https://query1.finance.yahoo.com/ws/fundamentals-timeseries/v1/finance/timeseries/009150.KS
009150.KS,Q:2026-06-30,2026-06-30,capex,-603046.583,KRW,mn,Yahoo Finance fundamentals-timeseries (quarterly),https://query1.finance.yahoo.com/ws/fundamentals-timeseries/v1/finance/timeseries/009150.KS
009150.KS,FY2022,2022-12-31,cash,1736672.3529,KRW,mn,Yahoo Finance fundamentals-timeseries (annual),https://query1.finance.yahoo.com/ws/fundamentals-timeseries/v1/finance/timeseries/009150.KS
009150.KS,FY2023,2023-12-31,cash,1728268.9335,KRW,mn,Yahoo Finance fundamentals-timeseries (annual),https://query1.finance.yahoo.com/ws/fundamentals-timeseries/v1/finance/timeseries/009150.KS
009150.KS,FY2024,2024-12-31,cash,2027633.8036,KRW,mn,Yahoo Finance fundamentals-timeseries (annual),https://query1.finance.yahoo.com/ws/fundamentals-timeseries/v1/finance/timeseries/009150.KS
009150.KS,Q:2025-06-30,2025-06-30,cash,2557944.5366,KRW,mn,Yahoo Finance fundamentals-timeseries (quarterly),https://query1.finance.yahoo.com/ws/fundamentals-timeseries/v1/finance/timeseries/009150.KS
009150.KS,Q:2025-09-30,2025-09-30,cash,2784011.5473,KRW,mn,Yahoo Finance fundamentals-timeseries (quarterly),https://query1.finance.yahoo.com/ws/fundamentals-timeseries/v1/finance/timeseries/009150.KS
009150.KS,FY2025,2025-12-31,cash,2721160.7046,KRW,mn,Yahoo Finance fundamentals-timeseries (annual),https://query1.finance.yahoo.com/ws/fundamentals-timeseries/v1/finance/timeseries/009150.KS
009150.KS,Q:2025-12-31,2025-12-31,cash,2721160.7046,KRW,mn,Yahoo Finance fundamentals-timeseries (quarterly),https://query1.finance.yahoo.com/ws/fundamentals-timeseries/v1/finance/timeseries/009150.KS
009150.KS,Q:2026-03-31,2026-03-31,cash,3261828.7776,KRW,mn,Yahoo Finance fundamentals-timeseries (quarterly),https://query1.finance.yahoo.com/ws/fundamentals-timeseries/v1/finance/timeseries/009150.KS
009150.KS,Q:2026-06-30,2026-06-30,cash,3327907.0147,KRW,mn,Yahoo Finance fundamentals-timeseries (quarterly),https://query1.finance.yahoo.com/ws/fundamentals-timeseries/v1/finance/timeseries/009150.KS
009150.KS,FY2022,2022-12-31,d_and_a,878798.867,KRW,mn,Yahoo Finance fundamentals-timeseries (annual),https://query1.finance.yahoo.com/ws/fundamentals-timeseries/v1/finance/timeseries/009150.KS
009150.KS,FY2023,2023-12-31,d_and_a,836669.01,KRW,mn,Yahoo Finance fundamentals-timeseries (annual),https://query1.finance.yahoo.com/ws/fundamentals-timeseries/v1/finance/timeseries/009150.KS
009150.KS,FY2024,2024-12-31,d_and_a,840233.263,KRW,mn,Yahoo Finance fundamentals-timeseries (annual),https://query1.finance.yahoo.com/ws/fundamentals-timeseries/v1/finance/timeseries/009150.KS
009150.KS,Q:2025-06-30,2025-06-30,d_and_a,228612.704,KRW,mn,Yahoo Finance fundamentals-timeseries (quarterly),https://query1.finance.yahoo.com/ws/fundamentals-timeseries/v1/finance/timeseries/009150.KS
009150.KS,Q:2025-09-30,2025-09-30,d_and_a,236620.833,KRW,mn,Yahoo Finance fundamentals-timeseries (quarterly),https://query1.finance.yahoo.com/ws/fundamentals-timeseries/v1/finance/timeseries/009150.KS
009150.KS,FY2025,2025-12-31,d_and_a,924679.415,KRW,mn,Yahoo Finance fundamentals-timeseries (annual),https://query1.finance.yahoo.com/ws/fundamentals-timeseries/v1/finance/timeseries/009150.KS
009150.KS,Q:2025-12-31,2025-12-31,d_and_a,238438.828,KRW,mn,Yahoo Finance fundamentals-timeseries (quarterly),https://query1.finance.yahoo.com/ws/fundamentals-timeseries/v1/finance/timeseries/009150.KS
009150.KS,Q:2026-03-31,2026-03-31,d_and_a,241078.685,KRW,mn,Yahoo Finance fundamentals-timeseries (quarterly),https://query1.finance.yahoo.com/ws/fundamentals-timeseries/v1/finance/timeseries/009150.KS
009150.KS,Q:2026-06-30,2026-06-30,d_and_a,255195.393,KRW,mn,Yahoo Finance fundamentals-timeseries (quarterly),https://query1.finance.yahoo.com/ws/fundamentals-timeseries/v1/finance/timeseries/009150.KS
009150.KS,FY2022,2022-12-31,dividends_paid_total,-161602.8874,KRW,mn,Yahoo Finance fundamentals-timeseries (annual),https://query1.finance.yahoo.com/ws/fundamentals-timeseries/v1/finance/timeseries/009150.KS
009150.KS,FY2023,2023-12-31,dividends_paid_total,-160342.1448,KRW,mn,Yahoo Finance fundamentals-timeseries (annual),https://query1.finance.yahoo.com/ws/fundamentals-timeseries/v1/finance/timeseries/009150.KS
009150.KS,FY2024,2024-12-31,dividends_paid_total,-88584.1454,KRW,mn,Yahoo Finance fundamentals-timeseries (annual),https://query1.finance.yahoo.com/ws/fundamentals-timeseries/v1/finance/timeseries/009150.KS
009150.KS,Q:2025-09-30,2025-09-30,dividends_paid_total,0.0,KRW,mn,Yahoo Finance fundamentals-timeseries (quarterly),https://query1.finance.yahoo.com/ws/fundamentals-timeseries/v1/finance/timeseries/009150.KS
009150.KS,FY2025,2025-12-31,dividends_paid_total,-137716.6431,KRW,mn,Yahoo Finance fundamentals-timeseries (annual),https://query1.finance.yahoo.com/ws/fundamentals-timeseries/v1/finance/timeseries/009150.KS
009150.KS,Q:2025-12-31,2025-12-31,dividends_paid_total,0.0,KRW,mn,Yahoo Finance fundamentals-timeseries (quarterly),https://query1.finance.yahoo.com/ws/fundamentals-timeseries/v1/finance/timeseries/009150.KS
009150.KS,FY2022,2022-12-31,ebitda,2111933.4067,KRW,mn,Yahoo Finance fundamentals-timeseries (annual),https://query1.finance.yahoo.com/ws/fundamentals-timeseries/v1/finance/timeseries/009150.KS
009150.KS,FY2023,2023-12-31,ebitda,1467592.0417,KRW,mn,Yahoo Finance fundamentals-timeseries (annual),https://query1.finance.yahoo.com/ws/fundamentals-timeseries/v1/finance/timeseries/009150.KS
009150.KS,FY2024,2024-12-31,ebitda,1710219.625,KRW,mn,Yahoo Finance fundamentals-timeseries (annual),https://query1.finance.yahoo.com/ws/fundamentals-timeseries/v1/finance/timeseries/009150.KS
009150.KS,Q:2025-06-30,2025-06-30,ebitda,422910.7418,KRW,mn,Yahoo Finance fundamentals-timeseries (quarterly),https://query1.finance.yahoo.com/ws/fundamentals-timeseries/v1/finance/timeseries/009150.KS
009150.KS,Q:2025-09-30,2025-09-30,ebitda,536601.7229,KRW,mn,Yahoo Finance fundamentals-timeseries (quarterly),https://query1.finance.yahoo.com/ws/fundamentals-timeseries/v1/finance/timeseries/009150.KS
009150.KS,FY2025,2025-12-31,ebitda,1896928.5258,KRW,mn,Yahoo Finance fundamentals-timeseries (annual),https://query1.finance.yahoo.com/ws/fundamentals-timeseries/v1/finance/timeseries/009150.KS
009150.KS,Q:2025-12-31,2025-12-31,ebitda,519879.8869,KRW,mn,Yahoo Finance fundamentals-timeseries (quarterly),https://query1.finance.yahoo.com/ws/fundamentals-timeseries/v1/finance/timeseries/009150.KS
009150.KS,Q:2026-03-31,2026-03-31,ebitda,586789.3926,KRW,mn,Yahoo Finance fundamentals-timeseries (quarterly),https://query1.finance.yahoo.com/ws/fundamentals-timeseries/v1/finance/timeseries/009150.KS
009150.KS,Q:2026-06-30,2026-06-30,ebitda,718964.3094,KRW,mn,Yahoo Finance fundamentals-timeseries (quarterly),https://query1.finance.yahoo.com/ws/fundamentals-timeseries/v1/finance/timeseries/009150.KS
009150.KS,FY2022,2022-12-31,eps_diluted,12977.0,KRW,per_share,Yahoo Finance fundamentals-timeseries (annual),https://query1.finance.yahoo.com/ws/fundamentals-timeseries/v1/finance/timeseries/009150.KS
009150.KS,FY2023,2023-12-31,eps_diluted,5597.0,KRW,per_share,Yahoo Finance fundamentals-timeseries (annual),https://query1.finance.yahoo.com/ws/fundamentals-timeseries/v1/finance/timeseries/009150.KS
009150.KS,FY2024,2024-12-31,eps_diluted,8988.0,KRW,per_share,Yahoo Finance fundamentals-timeseries (annual),https://query1.finance.yahoo.com/ws/fundamentals-timeseries/v1/finance/timeseries/009150.KS
009150.KS,Q:2025-03-31,2025-03-31,eps_diluted,1770.0,KRW,per_share,Yahoo Finance fundamentals-timeseries (quarterly),https://query1.finance.yahoo.com/ws/fundamentals-timeseries/v1/finance/timeseries/009150.KS
009150.KS,Q:2025-06-30,2025-06-30,eps_diluted,1717.0,KRW,per_share,Yahoo Finance fundamentals-timeseries (quarterly),https://query1.finance.yahoo.com/ws/fundamentals-timeseries/v1/finance/timeseries/009150.KS
009150.KS,Q:2025-09-30,2025-09-30,eps_diluted,2910.0,KRW,per_share,Yahoo Finance fundamentals-timeseries (quarterly),https://query1.finance.yahoo.com/ws/fundamentals-timeseries/v1/finance/timeseries/009150.KS
009150.KS,FY2025,2025-12-31,eps_diluted,9345.0,KRW,per_share,Yahoo Finance fundamentals-timeseries (annual),https://query1.finance.yahoo.com/ws/fundamentals-timeseries/v1/finance/timeseries/009150.KS
009150.KS,Q:2026-03-31,2026-03-31,eps_diluted,3298.0,KRW,per_share,Yahoo Finance fundamentals-timeseries (quarterly),https://query1.finance.yahoo.com/ws/fundamentals-timeseries/v1/finance/timeseries/009150.KS
009150.KS,Q:2026-06-30,2026-06-30,eps_diluted,4178.0,KRW,per_share,Yahoo Finance fundamentals-timeseries (quarterly),https://query1.finance.yahoo.com/ws/fundamentals-timeseries/v1/finance/timeseries/009150.KS
009150.KS,FY2022,2022-12-31,free_cash_flow,230255.73,KRW,mn,Yahoo Finance fundamentals-timeseries (annual),https://query1.finance.yahoo.com/ws/fundamentals-timeseries/v1/finance/timeseries/009150.KS
009150.KS,FY2023,2023-12-31,free_cash_flow,-76491.9352,KRW,mn,Yahoo Finance fundamentals-timeseries (annual),https://query1.finance.yahoo.com/ws/fundamentals-timeseries/v1/finance/timeseries/009150.KS
009150.KS,FY2024,2024-12-31,free_cash_flow,603177.8473,KRW,mn,Yahoo Finance fundamentals-timeseries (annual),https://query1.finance.yahoo.com/ws/fundamentals-timeseries/v1/finance/timeseries/009150.KS
009150.KS,Q:2025-06-30,2025-06-30,free_cash_flow,83871.8809,KRW,mn,Yahoo Finance fundamentals-timeseries (quarterly),https://query1.finance.yahoo.com/ws/fundamentals-timeseries/v1/finance/timeseries/009150.KS
009150.KS,Q:2025-09-30,2025-09-30,free_cash_flow,309876.0338,KRW,mn,Yahoo Finance fundamentals-timeseries (quarterly),https://query1.finance.yahoo.com/ws/fundamentals-timeseries/v1/finance/timeseries/009150.KS
009150.KS,FY2025,2025-12-31,free_cash_flow,243767.3386,KRW,mn,Yahoo Finance fundamentals-timeseries (annual),https://query1.finance.yahoo.com/ws/fundamentals-timeseries/v1/finance/timeseries/009150.KS
009150.KS,Q:2025-12-31,2025-12-31,free_cash_flow,-275363.6749,KRW,mn,Yahoo Finance fundamentals-timeseries (quarterly),https://query1.finance.yahoo.com/ws/fundamentals-timeseries/v1/finance/timeseries/009150.KS
009150.KS,Q:2026-03-31,2026-03-31,free_cash_flow,213609.852,KRW,mn,Yahoo Finance fundamentals-timeseries (quarterly),https://query1.finance.yahoo.com/ws/fundamentals-timeseries/v1/finance/timeseries/009150.KS
009150.KS,Q:2026-06-30,2026-06-30,free_cash_flow,-21816.887,KRW,mn,Yahoo Finance fundamentals-timeseries (quarterly),https://query1.finance.yahoo.com/ws/fundamentals-timeseries/v1/finance/timeseries/009150.KS
009150.KS,FY2022,2022-12-31,gross_profit,2263146.0843,KRW,mn,Yahoo Finance fundamentals-timeseries (annual),https://query1.finance.yahoo.com/ws/fundamentals-timeseries/v1/finance/timeseries/009150.KS
009150.KS,FY2023,2023-12-31,gross_profit,1719359.9739,KRW,mn,Yahoo Finance fundamentals-timeseries (annual),https://query1.finance.yahoo.com/ws/fundamentals-timeseries/v1/finance/timeseries/009150.KS
009150.KS,FY2024,2024-12-31,gross_profit,1959222.801,KRW,mn,Yahoo Finance fundamentals-timeseries (annual),https://query1.finance.yahoo.com/ws/fundamentals-timeseries/v1/finance/timeseries/009150.KS
009150.KS,Q:2025-06-30,2025-06-30,gross_profit,565398.4398,KRW,mn,Yahoo Finance fundamentals-timeseries (quarterly),https://query1.finance.yahoo.com/ws/fundamentals-timeseries/v1/finance/timeseries/009150.KS
009150.KS,Q:2025-09-30,2025-09-30,gross_profit,600523.7378,KRW,mn,Yahoo Finance fundamentals-timeseries (quarterly),https://query1.finance.yahoo.com/ws/fundamentals-timeseries/v1/finance/timeseries/009150.KS
009150.KS,FY2025,2025-12-31,gross_profit,2277368.2942,KRW,mn,Yahoo Finance fundamentals-timeseries (annual),https://query1.finance.yahoo.com/ws/fundamentals-timeseries/v1/finance/timeseries/009150.KS
009150.KS,Q:2025-12-31,2025-12-31,gross_profit,602599.9274,KRW,mn,Yahoo Finance fundamentals-timeseries (quarterly),https://query1.finance.yahoo.com/ws/fundamentals-timeseries/v1/finance/timeseries/009150.KS
009150.KS,Q:2026-03-31,2026-03-31,gross_profit,660287.9097,KRW,mn,Yahoo Finance fundamentals-timeseries (quarterly),https://query1.finance.yahoo.com/ws/fundamentals-timeseries/v1/finance/timeseries/009150.KS
009150.KS,Q:2026-06-30,2026-06-30,gross_profit,844501.7727,KRW,mn,Yahoo Finance fundamentals-timeseries (quarterly),https://query1.finance.yahoo.com/ws/fundamentals-timeseries/v1/finance/timeseries/009150.KS
009150.KS,FY2022,2022-12-31,inventory,1901579.5777,KRW,mn,Yahoo Finance fundamentals-timeseries (annual),https://query1.finance.yahoo.com/ws/fundamentals-timeseries/v1/finance/timeseries/009150.KS
009150.KS,FY2023,2023-12-31,inventory,2119538.1289,KRW,mn,Yahoo Finance fundamentals-timeseries (annual),https://query1.finance.yahoo.com/ws/fundamentals-timeseries/v1/finance/timeseries/009150.KS
009150.KS,FY2024,2024-12-31,inventory,2250799.6287,KRW,mn,Yahoo Finance fundamentals-timeseries (annual),https://query1.finance.yahoo.com/ws/fundamentals-timeseries/v1/finance/timeseries/009150.KS
009150.KS,Q:2025-06-30,2025-06-30,inventory,2072350.9155,KRW,mn,Yahoo Finance fundamentals-timeseries (quarterly),https://query1.finance.yahoo.com/ws/fundamentals-timeseries/v1/finance/timeseries/009150.KS
009150.KS,Q:2025-09-30,2025-09-30,inventory,2165089.5661,KRW,mn,Yahoo Finance fundamentals-timeseries (quarterly),https://query1.finance.yahoo.com/ws/fundamentals-timeseries/v1/finance/timeseries/009150.KS
009150.KS,FY2025,2025-12-31,inventory,2412996.843,KRW,mn,Yahoo Finance fundamentals-timeseries (annual),https://query1.finance.yahoo.com/ws/fundamentals-timeseries/v1/finance/timeseries/009150.KS
009150.KS,Q:2025-12-31,2025-12-31,inventory,2412996.843,KRW,mn,Yahoo Finance fundamentals-timeseries (quarterly),https://query1.finance.yahoo.com/ws/fundamentals-timeseries/v1/finance/timeseries/009150.KS
009150.KS,Q:2026-03-31,2026-03-31,inventory,2548589.191,KRW,mn,Yahoo Finance fundamentals-timeseries (quarterly),https://query1.finance.yahoo.com/ws/fundamentals-timeseries/v1/finance/timeseries/009150.KS
009150.KS,Q:2026-06-30,2026-06-30,inventory,2617712.1028,KRW,mn,Yahoo Finance fundamentals-timeseries (quarterly),https://query1.finance.yahoo.com/ws/fundamentals-timeseries/v1/finance/timeseries/009150.KS
009150.KS,FY2022,2022-12-31,net_income,980551.6421,KRW,mn,Yahoo Finance fundamentals-timeseries (annual),https://query1.finance.yahoo.com/ws/fundamentals-timeseries/v1/finance/timeseries/009150.KS
009150.KS,FY2023,2023-12-31,net_income,422956.7066,KRW,mn,Yahoo Finance fundamentals-timeseries (annual),https://query1.finance.yahoo.com/ws/fundamentals-timeseries/v1/finance/timeseries/009150.KS
009150.KS,FY2024,2024-12-31,net_income,679130.0696,KRW,mn,Yahoo Finance fundamentals-timeseries (annual),https://query1.finance.yahoo.com/ws/fundamentals-timeseries/v1/finance/timeseries/009150.KS
009150.KS,Q:2025-06-30,2025-06-30,net_income,129722.7,KRW,mn,Yahoo Finance fundamentals-timeseries (quarterly),https://query1.finance.yahoo.com/ws/fundamentals-timeseries/v1/finance/timeseries/009150.KS
009150.KS,Q:2025-09-30,2025-09-30,net_income,219848.5214,KRW,mn,Yahoo Finance fundamentals-timeseries (quarterly),https://query1.finance.yahoo.com/ws/fundamentals-timeseries/v1/finance/timeseries/009150.KS
009150.KS,FY2025,2025-12-31,net_income,706113.1654,KRW,mn,Yahoo Finance fundamentals-timeseries (annual),https://query1.finance.yahoo.com/ws/fundamentals-timeseries/v1/finance/timeseries/009150.KS
009150.KS,Q:2025-12-31,2025-12-31,net_income,222810.5859,KRW,mn,Yahoo Finance fundamentals-timeseries (quarterly),https://query1.finance.yahoo.com/ws/fundamentals-timeseries/v1/finance/timeseries/009150.KS
009150.KS,Q:2026-03-31,2026-03-31,net_income,249167.9061,KRW,mn,Yahoo Finance fundamentals-timeseries (quarterly),https://query1.finance.yahoo.com/ws/fundamentals-timeseries/v1/finance/timeseries/009150.KS
009150.KS,Q:2026-06-30,2026-06-30,net_income,315702.0495,KRW,mn,Yahoo Finance fundamentals-timeseries (quarterly),https://query1.finance.yahoo.com/ws/fundamentals-timeseries/v1/finance/timeseries/009150.KS
009150.KS,FY2022,2022-12-31,operating_cash_flow,1575355.8267,KRW,mn,Yahoo Finance fundamentals-timeseries (annual),https://query1.finance.yahoo.com/ws/fundamentals-timeseries/v1/finance/timeseries/009150.KS
009150.KS,FY2023,2023-12-31,operating_cash_flow,1180360.1155,KRW,mn,Yahoo Finance fundamentals-timeseries (annual),https://query1.finance.yahoo.com/ws/fundamentals-timeseries/v1/finance/timeseries/009150.KS
009150.KS,FY2024,2024-12-31,operating_cash_flow,1429819.0067,KRW,mn,Yahoo Finance fundamentals-timeseries (annual),https://query1.finance.yahoo.com/ws/fundamentals-timeseries/v1/finance/timeseries/009150.KS
009150.KS,Q:2025-06-30,2025-06-30,operating_cash_flow,359445.6706,KRW,mn,Yahoo Finance fundamentals-timeseries (quarterly),https://query1.finance.yahoo.com/ws/fundamentals-timeseries/v1/finance/timeseries/009150.KS
009150.KS,Q:2025-09-30,2025-09-30,operating_cash_flow,521600.4319,KRW,mn,Yahoo Finance fundamentals-timeseries (quarterly),https://query1.finance.yahoo.com/ws/fundamentals-timeseries/v1/finance/timeseries/009150.KS
009150.KS,FY2025,2025-12-31,operating_cash_flow,1490090.8831,KRW,mn,Yahoo Finance fundamentals-timeseries (annual),https://query1.finance.yahoo.com/ws/fundamentals-timeseries/v1/finance/timeseries/009150.KS
009150.KS,Q:2025-12-31,2025-12-31,operating_cash_flow,294405.983,KRW,mn,Yahoo Finance fundamentals-timeseries (quarterly),https://query1.finance.yahoo.com/ws/fundamentals-timeseries/v1/finance/timeseries/009150.KS
009150.KS,Q:2026-03-31,2026-03-31,operating_cash_flow,478936.8577,KRW,mn,Yahoo Finance fundamentals-timeseries (quarterly),https://query1.finance.yahoo.com/ws/fundamentals-timeseries/v1/finance/timeseries/009150.KS
009150.KS,Q:2026-06-30,2026-06-30,operating_cash_flow,581229.696,KRW,mn,Yahoo Finance fundamentals-timeseries (quarterly),https://query1.finance.yahoo.com/ws/fundamentals-timeseries/v1/finance/timeseries/009150.KS
009150.KS,FY2022,2022-12-31,operating_income,1183096.8163,KRW,mn,Yahoo Finance fundamentals-timeseries (annual),https://query1.finance.yahoo.com/ws/fundamentals-timeseries/v1/finance/timeseries/009150.KS
009150.KS,FY2023,2023-12-31,operating_income,660919.2129,KRW,mn,Yahoo Finance fundamentals-timeseries (annual),https://query1.finance.yahoo.com/ws/fundamentals-timeseries/v1/finance/timeseries/009150.KS
009150.KS,FY2024,2024-12-31,operating_income,735135.857,KRW,mn,Yahoo Finance fundamentals-timeseries (annual),https://query1.finance.yahoo.com/ws/fundamentals-timeseries/v1/finance/timeseries/009150.KS
009150.KS,Q:2025-06-30,2025-06-30,operating_income,213008.1538,KRW,mn,Yahoo Finance fundamentals-timeseries (quarterly),https://query1.finance.yahoo.com/ws/fundamentals-timeseries/v1/finance/timeseries/009150.KS
009150.KS,Q:2025-09-30,2025-09-30,operating_income,260277.2728,KRW,mn,Yahoo Finance fundamentals-timeseries (quarterly),https://query1.finance.yahoo.com/ws/fundamentals-timeseries/v1/finance/timeseries/009150.KS
009150.KS,FY2025,2025-12-31,operating_income,913331.1782,KRW,mn,Yahoo Finance fundamentals-timeseries (annual),https://query1.finance.yahoo.com/ws/fundamentals-timeseries/v1/finance/timeseries/009150.KS
009150.KS,Q:2025-12-31,2025-12-31,operating_income,239495.9114,KRW,mn,Yahoo Finance fundamentals-timeseries (quarterly),https://query1.finance.yahoo.com/ws/fundamentals-timeseries/v1/finance/timeseries/009150.KS
009150.KS,Q:2026-03-31,2026-03-31,operating_income,280702.7517,KRW,mn,Yahoo Finance fundamentals-timeseries (quarterly),https://query1.finance.yahoo.com/ws/fundamentals-timeseries/v1/finance/timeseries/009150.KS
009150.KS,Q:2026-06-30,2026-06-30,operating_income,440369.1127,KRW,mn,Yahoo Finance fundamentals-timeseries (quarterly),https://query1.finance.yahoo.com/ws/fundamentals-timeseries/v1/finance/timeseries/009150.KS
009150.KS,FY2022,2022-12-31,r_and_d,518368.584,KRW,mn,Yahoo Finance fundamentals-timeseries (annual),https://query1.finance.yahoo.com/ws/fundamentals-timeseries/v1/finance/timeseries/009150.KS
009150.KS,FY2023,2023-12-31,r_and_d,509233.34,KRW,mn,Yahoo Finance fundamentals-timeseries (annual),https://query1.finance.yahoo.com/ws/fundamentals-timeseries/v1/finance/timeseries/009150.KS
009150.KS,FY2024,2024-12-31,r_and_d,580404.031,KRW,mn,Yahoo Finance fundamentals-timeseries (annual),https://query1.finance.yahoo.com/ws/fundamentals-timeseries/v1/finance/timeseries/009150.KS
009150.KS,Q:2025-06-30,2025-06-30,r_and_d,169524.082,KRW,mn,Yahoo Finance fundamentals-timeseries (quarterly),https://query1.finance.yahoo.com/ws/fundamentals-timeseries/v1/finance/timeseries/009150.KS
009150.KS,Q:2025-09-30,2025-09-30,r_and_d,172313.104,KRW,mn,Yahoo Finance fundamentals-timeseries (quarterly),https://query1.finance.yahoo.com/ws/fundamentals-timeseries/v1/finance/timeseries/009150.KS
009150.KS,FY2025,2025-12-31,r_and_d,658671.668,KRW,mn,Yahoo Finance fundamentals-timeseries (annual),https://query1.finance.yahoo.com/ws/fundamentals-timeseries/v1/finance/timeseries/009150.KS
009150.KS,Q:2025-12-31,2025-12-31,r_and_d,174018.353,KRW,mn,Yahoo Finance fundamentals-timeseries (quarterly),https://query1.finance.yahoo.com/ws/fundamentals-timeseries/v1/finance/timeseries/009150.KS
009150.KS,Q:2026-03-31,2026-03-31,r_and_d,193738.258,KRW,mn,Yahoo Finance fundamentals-timeseries (quarterly),https://query1.finance.yahoo.com/ws/fundamentals-timeseries/v1/finance/timeseries/009150.KS
009150.KS,Q:2026-06-30,2026-06-30,r_and_d,204178.726,KRW,mn,Yahoo Finance fundamentals-timeseries (quarterly),https://query1.finance.yahoo.com/ws/fundamentals-timeseries/v1/finance/timeseries/009150.KS
009150.KS,FY2022,2022-12-31,receivables,990685.14,KRW,mn,Yahoo Finance fundamentals-timeseries (annual),https://query1.finance.yahoo.com/ws/fundamentals-timeseries/v1/finance/timeseries/009150.KS
009150.KS,FY2023,2023-12-31,receivables,1126444.181,KRW,mn,Yahoo Finance fundamentals-timeseries (annual),https://query1.finance.yahoo.com/ws/fundamentals-timeseries/v1/finance/timeseries/009150.KS
009150.KS,FY2024,2024-12-31,receivables,1390503.186,KRW,mn,Yahoo Finance fundamentals-timeseries (annual),https://query1.finance.yahoo.com/ws/fundamentals-timeseries/v1/finance/timeseries/009150.KS
009150.KS,Q:2025-06-30,2025-06-30,receivables,1639204.804,KRW,mn,Yahoo Finance fundamentals-timeseries (quarterly),https://query1.finance.yahoo.com/ws/fundamentals-timeseries/v1/finance/timeseries/009150.KS
009150.KS,Q:2025-09-30,2025-09-30,receivables,1827528.771,KRW,mn,Yahoo Finance fundamentals-timeseries (quarterly),https://query1.finance.yahoo.com/ws/fundamentals-timeseries/v1/finance/timeseries/009150.KS
009150.KS,FY2025,2025-12-31,receivables,1792567.378,KRW,mn,Yahoo Finance fundamentals-timeseries (annual),https://query1.finance.yahoo.com/ws/fundamentals-timeseries/v1/finance/timeseries/009150.KS
009150.KS,Q:2025-12-31,2025-12-31,receivables,1792567.378,KRW,mn,Yahoo Finance fundamentals-timeseries (quarterly),https://query1.finance.yahoo.com/ws/fundamentals-timeseries/v1/finance/timeseries/009150.KS
009150.KS,Q:2026-03-31,2026-03-31,receivables,1980569.212,KRW,mn,Yahoo Finance fundamentals-timeseries (quarterly),https://query1.finance.yahoo.com/ws/fundamentals-timeseries/v1/finance/timeseries/009150.KS
009150.KS,Q:2026-06-30,2026-06-30,receivables,2206163.042,KRW,mn,Yahoo Finance fundamentals-timeseries (quarterly),https://query1.finance.yahoo.com/ws/fundamentals-timeseries/v1/finance/timeseries/009150.KS
009150.KS,FY2022,2022-12-31,revenue,9424551.868,KRW,mn,Yahoo Finance fundamentals-timeseries (annual),https://query1.finance.yahoo.com/ws/fundamentals-timeseries/v1/finance/timeseries/009150.KS
009150.KS,FY2023,2023-12-31,revenue,8892411.9428,KRW,mn,Yahoo Finance fundamentals-timeseries (annual),https://query1.finance.yahoo.com/ws/fundamentals-timeseries/v1/finance/timeseries/009150.KS
009150.KS,FY2024,2024-12-31,revenue,10294102.9764,KRW,mn,Yahoo Finance fundamentals-timeseries (annual),https://query1.finance.yahoo.com/ws/fundamentals-timeseries/v1/finance/timeseries/009150.KS
009150.KS,Q:2025-06-30,2025-06-30,revenue,2784629.1321,KRW,mn,Yahoo Finance fundamentals-timeseries (quarterly),https://query1.finance.yahoo.com/ws/fundamentals-timeseries/v1/finance/timeseries/009150.KS
009150.KS,Q:2025-09-30,2025-09-30,revenue,2889035.7567,KRW,mn,Yahoo Finance fundamentals-timeseries (quarterly),https://query1.finance.yahoo.com/ws/fundamentals-timeseries/v1/finance/timeseries/009150.KS
009150.KS,FY2025,2025-12-31,revenue,11314459.2381,KRW,mn,Yahoo Finance fundamentals-timeseries (annual),https://query1.finance.yahoo.com/ws/fundamentals-timeseries/v1/finance/timeseries/009150.KS
009150.KS,Q:2025-12-31,2025-12-31,revenue,2902145.2495,KRW,mn,Yahoo Finance fundamentals-timeseries (quarterly),https://query1.finance.yahoo.com/ws/fundamentals-timeseries/v1/finance/timeseries/009150.KS
009150.KS,Q:2026-03-31,2026-03-31,revenue,3209113.4126,KRW,mn,Yahoo Finance fundamentals-timeseries (quarterly),https://query1.finance.yahoo.com/ws/fundamentals-timeseries/v1/finance/timeseries/009150.KS
009150.KS,Q:2026-06-30,2026-06-30,revenue,3457204.82,KRW,mn,Yahoo Finance fundamentals-timeseries (quarterly),https://query1.finance.yahoo.com/ws/fundamentals-timeseries/v1/finance/timeseries/009150.KS
009150.KS,FY2017,2017-12-31,segment_component_solutions_op_income,290399,KRW,mn,Fiscal.ai company_segments_and_kpis (annual),https://fiscal.ai
009150.KS,FY2018,2018-12-31,segment_component_solutions_op_income,1117076,KRW,mn,Fiscal.ai company_segments_and_kpis (annual),https://fiscal.ai
009150.KS,FY2019,2019-12-31,segment_component_solutions_op_income,504861,KRW,mn,Fiscal.ai company_segments_and_kpis (annual),https://fiscal.ai
009150.KS,FY2020,2020-12-31,segment_component_solutions_op_income,557683,KRW,mn,Fiscal.ai company_segments_and_kpis (annual),https://fiscal.ai
009150.KS,FY2021,2021-12-31,segment_component_solutions_op_income,1063540,KRW,mn,Fiscal.ai company_segments_and_kpis (annual),https://fiscal.ai
009150.KS,FY2022,2022-12-31,segment_component_solutions_op_income,607739,KRW,mn,Fiscal.ai company_segments_and_kpis (annual),https://fiscal.ai
009150.KS,FY2023,2023-12-31,segment_component_solutions_op_income,361594,KRW,mn,Fiscal.ai company_segments_and_kpis (annual),https://fiscal.ai
009150.KS,FY2024,2024-12-31,segment_component_solutions_op_income,439744,KRW,mn,Fiscal.ai company_segments_and_kpis (annual),https://fiscal.ai
009150.KS,FY2025,2025-12-31,segment_component_solutions_op_income,609359,KRW,mn,Fiscal.ai company_segments_and_kpis (annual),https://fiscal.ai
009150.KS,FY2017,2017-12-31,segment_component_solutions_revenue,2357091,KRW,mn,Fiscal.ai company_segments_and_kpis (annual),https://fiscal.ai
009150.KS,FY2018,2018-12-31,segment_component_solutions_revenue,3550146,KRW,mn,Fiscal.ai company_segments_and_kpis (annual),https://fiscal.ai
009150.KS,FY2019,2019-12-31,segment_component_solutions_revenue,3219800,KRW,mn,Fiscal.ai company_segments_and_kpis (annual),https://fiscal.ai
009150.KS,FY2020,2020-12-31,segment_component_solutions_revenue,3644957,KRW,mn,Fiscal.ai company_segments_and_kpis (annual),https://fiscal.ai
009150.KS,FY2021,2021-12-31,segment_component_solutions_revenue,4771830,KRW,mn,Fiscal.ai company_segments_and_kpis (annual),https://fiscal.ai
009150.KS,FY2022,2022-12-31,segment_component_solutions_revenue,4132283,KRW,mn,Fiscal.ai company_segments_and_kpis (annual),https://fiscal.ai
009150.KS,FY2023,2023-12-31,segment_component_solutions_revenue,3903022,KRW,mn,Fiscal.ai company_segments_and_kpis (annual),https://fiscal.ai
009150.KS,FY2024,2024-12-31,segment_component_solutions_revenue,4462050,KRW,mn,Fiscal.ai company_segments_and_kpis (annual),https://fiscal.ai
009150.KS,FY2025,2025-12-31,segment_component_solutions_revenue,5198501,KRW,mn,Fiscal.ai company_segments_and_kpis (annual),https://fiscal.ai
009150.KS,FY2022,2022-12-31,shares_diluted,75.5607,KRW,mn,Yahoo Finance fundamentals-timeseries (annual),https://query1.finance.yahoo.com/ws/fundamentals-timeseries/v1/finance/timeseries/009150.KS
009150.KS,FY2023,2023-12-31,shares_diluted,75.5685,KRW,mn,Yahoo Finance fundamentals-timeseries (annual),https://query1.finance.yahoo.com/ws/fundamentals-timeseries/v1/finance/timeseries/009150.KS
009150.KS,FY2024,2024-12-31,shares_diluted,75.5596,KRW,mn,Yahoo Finance fundamentals-timeseries (annual),https://query1.finance.yahoo.com/ws/fundamentals-timeseries/v1/finance/timeseries/009150.KS
009150.KS,Q:2025-03-31,2025-03-31,shares_diluted,75.5544,KRW,mn,Yahoo Finance fundamentals-timeseries (quarterly),https://query1.finance.yahoo.com/ws/fundamentals-timeseries/v1/finance/timeseries/009150.KS
009150.KS,Q:2025-06-30,2025-06-30,shares_diluted,75.552,KRW,mn,Yahoo Finance fundamentals-timeseries (quarterly),https://query1.finance.yahoo.com/ws/fundamentals-timeseries/v1/finance/timeseries/009150.KS
009150.KS,Q:2025-09-30,2025-09-30,shares_diluted,72.6937,KRW,mn,Yahoo Finance fundamentals-timeseries (quarterly),https://query1.finance.yahoo.com/ws/fundamentals-timeseries/v1/finance/timeseries/009150.KS
009150.KS,FY2025,2025-12-31,shares_diluted,75.5605,KRW,mn,Yahoo Finance fundamentals-timeseries (annual),https://query1.finance.yahoo.com/ws/fundamentals-timeseries/v1/finance/timeseries/009150.KS
009150.KS,Q:2026-03-31,2026-03-31,shares_diluted,72.6937,KRW,mn,Yahoo Finance fundamentals-timeseries (quarterly),https://query1.finance.yahoo.com/ws/fundamentals-timeseries/v1/finance/timeseries/009150.KS
009150.KS,Q:2026-06-30,2026-06-30,shares_diluted,75.563,KRW,mn,Yahoo Finance fundamentals-timeseries (quarterly),https://query1.finance.yahoo.com/ws/fundamentals-timeseries/v1/finance/timeseries/009150.KS
009150.KS,FY2022,2022-12-31,total_debt,1505236.5513,KRW,mn,Yahoo Finance fundamentals-timeseries (annual),https://query1.finance.yahoo.com/ws/fundamentals-timeseries/v1/finance/timeseries/009150.KS
009150.KS,FY2023,2023-12-31,total_debt,1596513.0998,KRW,mn,Yahoo Finance fundamentals-timeseries (annual),https://query1.finance.yahoo.com/ws/fundamentals-timeseries/v1/finance/timeseries/009150.KS
009150.KS,FY2024,2024-12-31,total_debt,1636007.4661,KRW,mn,Yahoo Finance fundamentals-timeseries (annual),https://query1.finance.yahoo.com/ws/fundamentals-timeseries/v1/finance/timeseries/009150.KS
009150.KS,Q:2025-06-30,2025-06-30,total_debt,2087962.3262,KRW,mn,Yahoo Finance fundamentals-timeseries (quarterly),https://query1.finance.yahoo.com/ws/fundamentals-timeseries/v1/finance/timeseries/009150.KS
009150.KS,Q:2025-09-30,2025-09-30,total_debt,2063320.3617,KRW,mn,Yahoo Finance fundamentals-timeseries (quarterly),https://query1.finance.yahoo.com/ws/fundamentals-timeseries/v1/finance/timeseries/009150.KS
009150.KS,FY2025,2025-12-31,total_debt,2277190.8793,KRW,mn,Yahoo Finance fundamentals-timeseries (annual),https://query1.finance.yahoo.com/ws/fundamentals-timeseries/v1/finance/timeseries/009150.KS
009150.KS,Q:2025-12-31,2025-12-31,total_debt,2277190.8793,KRW,mn,Yahoo Finance fundamentals-timeseries (quarterly),https://query1.finance.yahoo.com/ws/fundamentals-timeseries/v1/finance/timeseries/009150.KS
009150.KS,Q:2026-03-31,2026-03-31,total_debt,2734659.3528,KRW,mn,Yahoo Finance fundamentals-timeseries (quarterly),https://query1.finance.yahoo.com/ws/fundamentals-timeseries/v1/finance/timeseries/009150.KS
009150.KS,Q:2026-06-30,2026-06-30,total_debt,3087351.801,KRW,mn,Yahoo Finance fundamentals-timeseries (quarterly),https://query1.finance.yahoo.com/ws/fundamentals-timeseries/v1/finance/timeseries/009150.KS
009150.KS,FY2022,2022-12-31,total_equity,7538493.9732,KRW,mn,Yahoo Finance fundamentals-timeseries (annual),https://query1.finance.yahoo.com/ws/fundamentals-timeseries/v1/finance/timeseries/009150.KS
009150.KS,FY2023,2023-12-31,total_equity,7847712.344,KRW,mn,Yahoo Finance fundamentals-timeseries (annual),https://query1.finance.yahoo.com/ws/fundamentals-timeseries/v1/finance/timeseries/009150.KS
009150.KS,FY2024,2024-12-31,total_equity,8789160.6387,KRW,mn,Yahoo Finance fundamentals-timeseries (annual),https://query1.finance.yahoo.com/ws/fundamentals-timeseries/v1/finance/timeseries/009150.KS
009150.KS,Q:2025-06-30,2025-06-30,total_equity,8788535.243,KRW,mn,Yahoo Finance fundamentals-timeseries (quarterly),https://query1.finance.yahoo.com/ws/fundamentals-timeseries/v1/finance/timeseries/009150.KS
009150.KS,Q:2025-09-30,2025-09-30,total_equity,9184411.7946,KRW,mn,Yahoo Finance fundamentals-timeseries (quarterly),https://query1.finance.yahoo.com/ws/fundamentals-timeseries/v1/finance/timeseries/009150.KS
009150.KS,FY2025,2025-12-31,total_equity,9541761.554,KRW,mn,Yahoo Finance fundamentals-timeseries (annual),https://query1.finance.yahoo.com/ws/fundamentals-timeseries/v1/finance/timeseries/009150.KS
009150.KS,Q:2025-12-31,2025-12-31,total_equity,9541761.554,KRW,mn,Yahoo Finance fundamentals-timeseries (quarterly),https://query1.finance.yahoo.com/ws/fundamentals-timeseries/v1/finance/timeseries/009150.KS
009150.KS,Q:2026-03-31,2026-03-31,total_equity,9814463.3706,KRW,mn,Yahoo Finance fundamentals-timeseries (quarterly),https://query1.finance.yahoo.com/ws/fundamentals-timeseries/v1/finance/timeseries/009150.KS
009150.KS,Q:2026-06-30,2026-06-30,total_equity,10230579.29,KRW,mn,Yahoo Finance fundamentals-timeseries (quarterly),https://query1.finance.yahoo.com/ws/fundamentals-timeseries/v1/finance/timeseries/009150.KS
2327.TW,FY2022,2022-12-31,capex,-13890.814,TWD,mn,Yahoo Finance fundamentals-timeseries (annual),https://query1.finance.yahoo.com/ws/fundamentals-timeseries/v1/finance/timeseries/2327.TW
2327.TW,FY2023,2023-12-31,capex,-16856.777,TWD,mn,Yahoo Finance fundamentals-timeseries (annual),https://query1.finance.yahoo.com/ws/fundamentals-timeseries/v1/finance/timeseries/2327.TW
2327.TW,FY2024,2024-12-31,capex,-6926.174,TWD,mn,Yahoo Finance fundamentals-timeseries (annual),https://query1.finance.yahoo.com/ws/fundamentals-timeseries/v1/finance/timeseries/2327.TW
2327.TW,Q:2025-06-30,2025-06-30,capex,-1763.239,TWD,mn,Yahoo Finance fundamentals-timeseries (quarterly),https://query1.finance.yahoo.com/ws/fundamentals-timeseries/v1/finance/timeseries/2327.TW
2327.TW,Q:2025-09-30,2025-09-30,capex,-1564.997,TWD,mn,Yahoo Finance fundamentals-timeseries (quarterly),https://query1.finance.yahoo.com/ws/fundamentals-timeseries/v1/finance/timeseries/2327.TW
2327.TW,FY2025,2025-12-31,capex,-6306.857,TWD,mn,Yahoo Finance fundamentals-timeseries (annual),https://query1.finance.yahoo.com/ws/fundamentals-timeseries/v1/finance/timeseries/2327.TW
2327.TW,Q:2025-12-31,2025-12-31,capex,-1680.802,TWD,mn,Yahoo Finance fundamentals-timeseries (quarterly),https://query1.finance.yahoo.com/ws/fundamentals-timeseries/v1/finance/timeseries/2327.TW
2327.TW,Q:2026-03-31,2026-03-31,capex,-1334.488,TWD,mn,Yahoo Finance fundamentals-timeseries (quarterly),https://query1.finance.yahoo.com/ws/fundamentals-timeseries/v1/finance/timeseries/2327.TW
2327.TW,Q:2026-06-30,2026-06-30,capex,-1748.604,TWD,mn,Yahoo Finance fundamentals-timeseries (quarterly),https://query1.finance.yahoo.com/ws/fundamentals-timeseries/v1/finance/timeseries/2327.TW
2327.TW,FY2022,2022-12-31,cash,57122.923,TWD,mn,Yahoo Finance fundamentals-timeseries (annual),https://query1.finance.yahoo.com/ws/fundamentals-timeseries/v1/finance/timeseries/2327.TW
2327.TW,FY2023,2023-12-31,cash,75926.938,TWD,mn,Yahoo Finance fundamentals-timeseries (annual),https://query1.finance.yahoo.com/ws/fundamentals-timeseries/v1/finance/timeseries/2327.TW
2327.TW,FY2024,2024-12-31,cash,101821.588,TWD,mn,Yahoo Finance fundamentals-timeseries (annual),https://query1.finance.yahoo.com/ws/fundamentals-timeseries/v1/finance/timeseries/2327.TW
2327.TW,Q:2025-06-30,2025-06-30,cash,96110.758,TWD,mn,Yahoo Finance fundamentals-timeseries (quarterly),https://query1.finance.yahoo.com/ws/fundamentals-timeseries/v1/finance/timeseries/2327.TW
2327.TW,Q:2025-09-30,2025-09-30,cash,100607.305,TWD,mn,Yahoo Finance fundamentals-timeseries (quarterly),https://query1.finance.yahoo.com/ws/fundamentals-timeseries/v1/finance/timeseries/2327.TW
2327.TW,FY2025,2025-12-31,cash,98107.753,TWD,mn,Yahoo Finance fundamentals-timeseries (annual),https://query1.finance.yahoo.com/ws/fundamentals-timeseries/v1/finance/timeseries/2327.TW
2327.TW,Q:2025-12-31,2025-12-31,cash,98107.753,TWD,mn,Yahoo Finance fundamentals-timeseries (quarterly),https://query1.finance.yahoo.com/ws/fundamentals-timeseries/v1/finance/timeseries/2327.TW
2327.TW,Q:2026-03-31,2026-03-31,cash,105203.958,TWD,mn,Yahoo Finance fundamentals-timeseries (quarterly),https://query1.finance.yahoo.com/ws/fundamentals-timeseries/v1/finance/timeseries/2327.TW
2327.TW,Q:2026-06-30,2026-06-30,cash,200717.783,TWD,mn,Yahoo Finance fundamentals-timeseries (quarterly),https://query1.finance.yahoo.com/ws/fundamentals-timeseries/v1/finance/timeseries/2327.TW
2327.TW,FY2022,2022-12-31,d_and_a,7674.883,TWD,mn,Yahoo Finance fundamentals-timeseries (annual),https://query1.finance.yahoo.com/ws/fundamentals-timeseries/v1/finance/timeseries/2327.TW
2327.TW,FY2023,2023-12-31,d_and_a,8725.718,TWD,mn,Yahoo Finance fundamentals-timeseries (annual),https://query1.finance.yahoo.com/ws/fundamentals-timeseries/v1/finance/timeseries/2327.TW
2327.TW,FY2024,2024-12-31,d_and_a,9628.935,TWD,mn,Yahoo Finance fundamentals-timeseries (annual),https://query1.finance.yahoo.com/ws/fundamentals-timeseries/v1/finance/timeseries/2327.TW
2327.TW,Q:2025-06-30,2025-06-30,d_and_a,2363.798,TWD,mn,Yahoo Finance fundamentals-timeseries (quarterly),https://query1.finance.yahoo.com/ws/fundamentals-timeseries/v1/finance/timeseries/2327.TW
2327.TW,Q:2025-09-30,2025-09-30,d_and_a,2382.335,TWD,mn,Yahoo Finance fundamentals-timeseries (quarterly),https://query1.finance.yahoo.com/ws/fundamentals-timeseries/v1/finance/timeseries/2327.TW
2327.TW,FY2025,2025-12-31,d_and_a,9833.847,TWD,mn,Yahoo Finance fundamentals-timeseries (annual),https://query1.finance.yahoo.com/ws/fundamentals-timeseries/v1/finance/timeseries/2327.TW
2327.TW,Q:2025-12-31,2025-12-31,d_and_a,2625.046,TWD,mn,Yahoo Finance fundamentals-timeseries (quarterly),https://query1.finance.yahoo.com/ws/fundamentals-timeseries/v1/finance/timeseries/2327.TW
2327.TW,Q:2026-03-31,2026-03-31,d_and_a,2671.093,TWD,mn,Yahoo Finance fundamentals-timeseries (quarterly),https://query1.finance.yahoo.com/ws/fundamentals-timeseries/v1/finance/timeseries/2327.TW
2327.TW,Q:2026-06-30,2026-06-30,d_and_a,2767.464,TWD,mn,Yahoo Finance fundamentals-timeseries (quarterly),https://query1.finance.yahoo.com/ws/fundamentals-timeseries/v1/finance/timeseries/2327.TW
2327.TW,FY2022,2022-12-31,dividends_paid_total,-5400.494,TWD,mn,Yahoo Finance fundamentals-timeseries (annual),https://query1.finance.yahoo.com/ws/fundamentals-timeseries/v1/finance/timeseries/2327.TW
2327.TW,FY2023,2023-12-31,dividends_paid_total,-4178.58,TWD,mn,Yahoo Finance fundamentals-timeseries (annual),https://query1.finance.yahoo.com/ws/fundamentals-timeseries/v1/finance/timeseries/2327.TW
2327.TW,FY2024,2024-12-31,dividends_paid_total,-8369.074,TWD,mn,Yahoo Finance fundamentals-timeseries (annual),https://query1.finance.yahoo.com/ws/fundamentals-timeseries/v1/finance/timeseries/2327.TW
2327.TW,FY2025,2025-12-31,dividends_paid_total,-10265.174,TWD,mn,Yahoo Finance fundamentals-timeseries (annual),https://query1.finance.yahoo.com/ws/fundamentals-timeseries/v1/finance/timeseries/2327.TW
2327.TW,Q:2025-12-31,2025-12-31,dividends_paid_total,0.0,TWD,mn,Yahoo Finance fundamentals-timeseries (quarterly),https://query1.finance.yahoo.com/ws/fundamentals-timeseries/v1/finance/timeseries/2327.TW
2327.TW,FY2022,2022-12-31,ebitda,40062.311,TWD,mn,Yahoo Finance fundamentals-timeseries (annual),https://query1.finance.yahoo.com/ws/fundamentals-timeseries/v1/finance/timeseries/2327.TW
2327.TW,FY2023,2023-12-31,ebitda,35251.95,TWD,mn,Yahoo Finance fundamentals-timeseries (annual),https://query1.finance.yahoo.com/ws/fundamentals-timeseries/v1/finance/timeseries/2327.TW
2327.TW,FY2024,2024-12-31,ebitda,39318.056,TWD,mn,Yahoo Finance fundamentals-timeseries (annual),https://query1.finance.yahoo.com/ws/fundamentals-timeseries/v1/finance/timeseries/2327.TW
2327.TW,Q:2025-06-30,2025-06-30,ebitda,10125.918,TWD,mn,Yahoo Finance fundamentals-timeseries (quarterly),https://query1.finance.yahoo.com/ws/fundamentals-timeseries/v1/finance/timeseries/2327.TW
2327.TW,Q:2025-09-30,2025-09-30,ebitda,11329.885,TWD,mn,Yahoo Finance fundamentals-timeseries (quarterly),https://query1.finance.yahoo.com/ws/fundamentals-timeseries/v1/finance/timeseries/2327.TW
2327.TW,FY2025,2025-12-31,ebitda,43822.298,TWD,mn,Yahoo Finance fundamentals-timeseries (annual),https://query1.finance.yahoo.com/ws/fundamentals-timeseries/v1/finance/timeseries/2327.TW
2327.TW,Q:2025-12-31,2025-12-31,ebitda,12058.17,TWD,mn,Yahoo Finance fundamentals-timeseries (quarterly),https://query1.finance.yahoo.com/ws/fundamentals-timeseries/v1/finance/timeseries/2327.TW
2327.TW,Q:2026-03-31,2026-03-31,ebitda,13676.639,TWD,mn,Yahoo Finance fundamentals-timeseries (quarterly),https://query1.finance.yahoo.com/ws/fundamentals-timeseries/v1/finance/timeseries/2327.TW
2327.TW,Q:2026-06-30,2026-06-30,ebitda,15830.798,TWD,mn,Yahoo Finance fundamentals-timeseries (quarterly),https://query1.finance.yahoo.com/ws/fundamentals-timeseries/v1/finance/timeseries/2327.TW
2327.TW,FY2022,2022-12-31,eps_diluted,9.0469,TWD,per_share,Yahoo Finance fundamentals-timeseries (annual),https://query1.finance.yahoo.com/ws/fundamentals-timeseries/v1/finance/timeseries/2327.TW
2327.TW,FY2023,2023-12-31,eps_diluted,8.48,TWD,per_share,Yahoo Finance fundamentals-timeseries (annual),https://query1.finance.yahoo.com/ws/fundamentals-timeseries/v1/finance/timeseries/2327.TW
2327.TW,FY2024,2024-12-31,eps_diluted,9.41,TWD,per_share,Yahoo Finance fundamentals-timeseries (annual),https://query1.finance.yahoo.com/ws/fundamentals-timeseries/v1/finance/timeseries/2327.TW
2327.TW,Q:2025-03-31,2025-03-31,eps_diluted,2.69,TWD,per_share,Yahoo Finance fundamentals-timeseries (quarterly),https://query1.finance.yahoo.com/ws/fundamentals-timeseries/v1/finance/timeseries/2327.TW
2327.TW,Q:2025-06-30,2025-06-30,eps_diluted,2.43,TWD,per_share,Yahoo Finance fundamentals-timeseries (quarterly),https://query1.finance.yahoo.com/ws/fundamentals-timeseries/v1/finance/timeseries/2327.TW
2327.TW,Q:2025-09-30,2025-09-30,eps_diluted,3.09,TWD,per_share,Yahoo Finance fundamentals-timeseries (quarterly),https://query1.finance.yahoo.com/ws/fundamentals-timeseries/v1/finance/timeseries/2327.TW
2327.TW,FY2025,2025-12-31,eps_diluted,11.48,TWD,per_share,Yahoo Finance fundamentals-timeseries (annual),https://query1.finance.yahoo.com/ws/fundamentals-timeseries/v1/finance/timeseries/2327.TW
2327.TW,Q:2026-03-31,2026-03-31,eps_diluted,3.89,TWD,per_share,Yahoo Finance fundamentals-timeseries (quarterly),https://query1.finance.yahoo.com/ws/fundamentals-timeseries/v1/finance/timeseries/2327.TW
2327.TW,Q:2026-06-30,2026-06-30,eps_diluted,4.59,TWD,per_share,Yahoo Finance fundamentals-timeseries (quarterly),https://query1.finance.yahoo.com/ws/fundamentals-timeseries/v1/finance/timeseries/2327.TW
2327.TW,FY2022,2022-12-31,free_cash_flow,19119.579,TWD,mn,Yahoo Finance fundamentals-timeseries (annual),https://query1.finance.yahoo.com/ws/fundamentals-timeseries/v1/finance/timeseries/2327.TW
2327.TW,FY2023,2023-12-31,free_cash_flow,14210.638,TWD,mn,Yahoo Finance fundamentals-timeseries (annual),https://query1.finance.yahoo.com/ws/fundamentals-timeseries/v1/finance/timeseries/2327.TW
2327.TW,FY2024,2024-12-31,free_cash_flow,24236.198,TWD,mn,Yahoo Finance fundamentals-timeseries (annual),https://query1.finance.yahoo.com/ws/fundamentals-timeseries/v1/finance/timeseries/2327.TW
2327.TW,Q:2025-06-30,2025-06-30,free_cash_flow,3309.648,TWD,mn,Yahoo Finance fundamentals-timeseries (quarterly),https://query1.finance.yahoo.com/ws/fundamentals-timeseries/v1/finance/timeseries/2327.TW
2327.TW,Q:2025-09-30,2025-09-30,free_cash_flow,6562.24,TWD,mn,Yahoo Finance fundamentals-timeseries (quarterly),https://query1.finance.yahoo.com/ws/fundamentals-timeseries/v1/finance/timeseries/2327.TW
2327.TW,FY2025,2025-12-31,free_cash_flow,24556.28,TWD,mn,Yahoo Finance fundamentals-timeseries (annual),https://query1.finance.yahoo.com/ws/fundamentals-timeseries/v1/finance/timeseries/2327.TW
2327.TW,Q:2025-12-31,2025-12-31,free_cash_flow,8647.787,TWD,mn,Yahoo Finance fundamentals-timeseries (quarterly),https://query1.finance.yahoo.com/ws/fundamentals-timeseries/v1/finance/timeseries/2327.TW
2327.TW,Q:2026-03-31,2026-03-31,free_cash_flow,7643.168,TWD,mn,Yahoo Finance fundamentals-timeseries (quarterly),https://query1.finance.yahoo.com/ws/fundamentals-timeseries/v1/finance/timeseries/2327.TW
2327.TW,Q:2026-06-30,2026-06-30,free_cash_flow,5752.528,TWD,mn,Yahoo Finance fundamentals-timeseries (quarterly),https://query1.finance.yahoo.com/ws/fundamentals-timeseries/v1/finance/timeseries/2327.TW
2327.TW,FY2022,2022-12-31,gross_profit,46018.754,TWD,mn,Yahoo Finance fundamentals-timeseries (annual),https://query1.finance.yahoo.com/ws/fundamentals-timeseries/v1/finance/timeseries/2327.TW
2327.TW,FY2023,2023-12-31,gross_profit,36025.827,TWD,mn,Yahoo Finance fundamentals-timeseries (annual),https://query1.finance.yahoo.com/ws/fundamentals-timeseries/v1/finance/timeseries/2327.TW
2327.TW,FY2024,2024-12-31,gross_profit,41803.489,TWD,mn,Yahoo Finance fundamentals-timeseries (annual),https://query1.finance.yahoo.com/ws/fundamentals-timeseries/v1/finance/timeseries/2327.TW
2327.TW,Q:2025-06-30,2025-06-30,gross_profit,11652.187,TWD,mn,Yahoo Finance fundamentals-timeseries (quarterly),https://query1.finance.yahoo.com/ws/fundamentals-timeseries/v1/finance/timeseries/2327.TW
2327.TW,Q:2025-09-30,2025-09-30,gross_profit,11974.482,TWD,mn,Yahoo Finance fundamentals-timeseries (quarterly),https://query1.finance.yahoo.com/ws/fundamentals-timeseries/v1/finance/timeseries/2327.TW
2327.TW,FY2025,2025-12-31,gross_profit,48129.822,TWD,mn,Yahoo Finance fundamentals-timeseries (annual),https://query1.finance.yahoo.com/ws/fundamentals-timeseries/v1/finance/timeseries/2327.TW
2327.TW,Q:2025-12-31,2025-12-31,gross_profit,13417.22,TWD,mn,Yahoo Finance fundamentals-timeseries (quarterly),https://query1.finance.yahoo.com/ws/fundamentals-timeseries/v1/finance/timeseries/2327.TW
2327.TW,Q:2026-03-31,2026-03-31,gross_profit,14541.815,TWD,mn,Yahoo Finance fundamentals-timeseries (quarterly),https://query1.finance.yahoo.com/ws/fundamentals-timeseries/v1/finance/timeseries/2327.TW
2327.TW,Q:2026-06-30,2026-06-30,gross_profit,17116.269,TWD,mn,Yahoo Finance fundamentals-timeseries (quarterly),https://query1.finance.yahoo.com/ws/fundamentals-timeseries/v1/finance/timeseries/2327.TW
2327.TW,FY2022,2022-12-31,inventory,26944.816,TWD,mn,Yahoo Finance fundamentals-timeseries (annual),https://query1.finance.yahoo.com/ws/fundamentals-timeseries/v1/finance/timeseries/2327.TW
2327.TW,FY2023,2023-12-31,inventory,27909.795,TWD,mn,Yahoo Finance fundamentals-timeseries (annual),https://query1.finance.yahoo.com/ws/fundamentals-timeseries/v1/finance/timeseries/2327.TW
2327.TW,FY2024,2024-12-31,inventory,27823.123,TWD,mn,Yahoo Finance fundamentals-timeseries (annual),https://query1.finance.yahoo.com/ws/fundamentals-timeseries/v1/finance/timeseries/2327.TW
2327.TW,Q:2025-06-30,2025-06-30,inventory,26693.882,TWD,mn,Yahoo Finance fundamentals-timeseries (quarterly),https://query1.finance.yahoo.com/ws/fundamentals-timeseries/v1/finance/timeseries/2327.TW
2327.TW,Q:2025-09-30,2025-09-30,inventory,28256.726,TWD,mn,Yahoo Finance fundamentals-timeseries (quarterly),https://query1.finance.yahoo.com/ws/fundamentals-timeseries/v1/finance/timeseries/2327.TW
2327.TW,FY2025,2025-12-31,inventory,31635.578,TWD,mn,Yahoo Finance fundamentals-timeseries (annual),https://query1.finance.yahoo.com/ws/fundamentals-timeseries/v1/finance/timeseries/2327.TW
2327.TW,Q:2025-12-31,2025-12-31,inventory,31635.578,TWD,mn,Yahoo Finance fundamentals-timeseries (quarterly),https://query1.finance.yahoo.com/ws/fundamentals-timeseries/v1/finance/timeseries/2327.TW
2327.TW,Q:2026-03-31,2026-03-31,inventory,33378.79,TWD,mn,Yahoo Finance fundamentals-timeseries (quarterly),https://query1.finance.yahoo.com/ws/fundamentals-timeseries/v1/finance/timeseries/2327.TW
2327.TW,Q:2026-06-30,2026-06-30,inventory,35866.254,TWD,mn,Yahoo Finance fundamentals-timeseries (quarterly),https://query1.finance.yahoo.com/ws/fundamentals-timeseries/v1/finance/timeseries/2327.TW
2327.TW,FY2022,2022-12-31,net_income,22730.465,TWD,mn,Yahoo Finance fundamentals-timeseries (annual),https://query1.finance.yahoo.com/ws/fundamentals-timeseries/v1/finance/timeseries/2327.TW
2327.TW,FY2023,2023-12-31,net_income,17427.068,TWD,mn,Yahoo Finance fundamentals-timeseries (annual),https://query1.finance.yahoo.com/ws/fundamentals-timeseries/v1/finance/timeseries/2327.TW
2327.TW,FY2024,2024-12-31,net_income,19356.484,TWD,mn,Yahoo Finance fundamentals-timeseries (annual),https://query1.finance.yahoo.com/ws/fundamentals-timeseries/v1/finance/timeseries/2327.TW
2327.TW,Q:2025-06-30,2025-06-30,net_income,4997.745,TWD,mn,Yahoo Finance fundamentals-timeseries (quarterly),https://query1.finance.yahoo.com/ws/fundamentals-timeseries/v1/finance/timeseries/2327.TW
2327.TW,Q:2025-09-30,2025-09-30,net_income,6356.104,TWD,mn,Yahoo Finance fundamentals-timeseries (quarterly),https://query1.finance.yahoo.com/ws/fundamentals-timeseries/v1/finance/timeseries/2327.TW
2327.TW,FY2025,2025-12-31,net_income,23634.229,TWD,mn,Yahoo Finance fundamentals-timeseries (annual),https://query1.finance.yahoo.com/ws/fundamentals-timeseries/v1/finance/timeseries/2327.TW
2327.TW,Q:2025-12-31,2025-12-31,net_income,6750.776,TWD,mn,Yahoo Finance fundamentals-timeseries (quarterly),https://query1.finance.yahoo.com/ws/fundamentals-timeseries/v1/finance/timeseries/2327.TW
2327.TW,Q:2026-03-31,2026-03-31,net_income,8000.823,TWD,mn,Yahoo Finance fundamentals-timeseries (quarterly),https://query1.finance.yahoo.com/ws/fundamentals-timeseries/v1/finance/timeseries/2327.TW
2327.TW,Q:2026-06-30,2026-06-30,net_income,9418.316,TWD,mn,Yahoo Finance fundamentals-timeseries (quarterly),https://query1.finance.yahoo.com/ws/fundamentals-timeseries/v1/finance/timeseries/2327.TW
2327.TW,FY2022,2022-12-31,operating_cash_flow,33010.393,TWD,mn,Yahoo Finance fundamentals-timeseries (annual),https://query1.finance.yahoo.com/ws/fundamentals-timeseries/v1/finance/timeseries/2327.TW
2327.TW,FY2023,2023-12-31,operating_cash_flow,31067.415,TWD,mn,Yahoo Finance fundamentals-timeseries (annual),https://query1.finance.yahoo.com/ws/fundamentals-timeseries/v1/finance/timeseries/2327.TW
2327.TW,FY2024,2024-12-31,operating_cash_flow,31162.372,TWD,mn,Yahoo Finance fundamentals-timeseries (annual),https://query1.finance.yahoo.com/ws/fundamentals-timeseries/v1/finance/timeseries/2327.TW
2327.TW,Q:2025-06-30,2025-06-30,operating_cash_flow,5072.887,TWD,mn,Yahoo Finance fundamentals-timeseries (quarterly),https://query1.finance.yahoo.com/ws/fundamentals-timeseries/v1/finance/timeseries/2327.TW
2327.TW,Q:2025-09-30,2025-09-30,operating_cash_flow,8127.237,TWD,mn,Yahoo Finance fundamentals-timeseries (quarterly),https://query1.finance.yahoo.com/ws/fundamentals-timeseries/v1/finance/timeseries/2327.TW
2327.TW,FY2025,2025-12-31,operating_cash_flow,30863.137,TWD,mn,Yahoo Finance fundamentals-timeseries (annual),https://query1.finance.yahoo.com/ws/fundamentals-timeseries/v1/finance/timeseries/2327.TW
2327.TW,Q:2025-12-31,2025-12-31,operating_cash_flow,10328.589,TWD,mn,Yahoo Finance fundamentals-timeseries (quarterly),https://query1.finance.yahoo.com/ws/fundamentals-timeseries/v1/finance/timeseries/2327.TW
2327.TW,Q:2026-03-31,2026-03-31,operating_cash_flow,8977.656,TWD,mn,Yahoo Finance fundamentals-timeseries (quarterly),https://query1.finance.yahoo.com/ws/fundamentals-timeseries/v1/finance/timeseries/2327.TW
2327.TW,Q:2026-06-30,2026-06-30,operating_cash_flow,7501.132,TWD,mn,Yahoo Finance fundamentals-timeseries (quarterly),https://query1.finance.yahoo.com/ws/fundamentals-timeseries/v1/finance/timeseries/2327.TW
2327.TW,FY2022,2022-12-31,operating_income,28987.567,TWD,mn,Yahoo Finance fundamentals-timeseries (annual),https://query1.finance.yahoo.com/ws/fundamentals-timeseries/v1/finance/timeseries/2327.TW
2327.TW,FY2023,2023-12-31,operating_income,20435.452,TWD,mn,Yahoo Finance fundamentals-timeseries (annual),https://query1.finance.yahoo.com/ws/fundamentals-timeseries/v1/finance/timeseries/2327.TW
2327.TW,FY2024,2024-12-31,operating_income,23504.707,TWD,mn,Yahoo Finance fundamentals-timeseries (annual),https://query1.finance.yahoo.com/ws/fundamentals-timeseries/v1/finance/timeseries/2327.TW
2327.TW,Q:2025-06-30,2025-06-30,operating_income,7028.97,TWD,mn,Yahoo Finance fundamentals-timeseries (quarterly),https://query1.finance.yahoo.com/ws/fundamentals-timeseries/v1/finance/timeseries/2327.TW
2327.TW,Q:2025-09-30,2025-09-30,operating_income,7599.846,TWD,mn,Yahoo Finance fundamentals-timeseries (quarterly),https://query1.finance.yahoo.com/ws/fundamentals-timeseries/v1/finance/timeseries/2327.TW
2327.TW,FY2025,2025-12-31,operating_income,29808.633,TWD,mn,Yahoo Finance fundamentals-timeseries (annual),https://query1.finance.yahoo.com/ws/fundamentals-timeseries/v1/finance/timeseries/2327.TW
2327.TW,Q:2025-12-31,2025-12-31,operating_income,8738.853,TWD,mn,Yahoo Finance fundamentals-timeseries (quarterly),https://query1.finance.yahoo.com/ws/fundamentals-timeseries/v1/finance/timeseries/2327.TW
2327.TW,Q:2026-03-31,2026-03-31,operating_income,9562.987,TWD,mn,Yahoo Finance fundamentals-timeseries (quarterly),https://query1.finance.yahoo.com/ws/fundamentals-timeseries/v1/finance/timeseries/2327.TW
2327.TW,Q:2026-06-30,2026-06-30,operating_income,11718.938,TWD,mn,Yahoo Finance fundamentals-timeseries (quarterly),https://query1.finance.yahoo.com/ws/fundamentals-timeseries/v1/finance/timeseries/2327.TW
2327.TW,FY2022,2022-12-31,r_and_d,2820.376,TWD,mn,Yahoo Finance fundamentals-timeseries (annual),https://query1.finance.yahoo.com/ws/fundamentals-timeseries/v1/finance/timeseries/2327.TW
2327.TW,FY2023,2023-12-31,r_and_d,3062.568,TWD,mn,Yahoo Finance fundamentals-timeseries (annual),https://query1.finance.yahoo.com/ws/fundamentals-timeseries/v1/finance/timeseries/2327.TW
2327.TW,FY2024,2024-12-31,r_and_d,3472.53,TWD,mn,Yahoo Finance fundamentals-timeseries (annual),https://query1.finance.yahoo.com/ws/fundamentals-timeseries/v1/finance/timeseries/2327.TW
2327.TW,Q:2025-06-30,2025-06-30,r_and_d,834.204,TWD,mn,Yahoo Finance fundamentals-timeseries (quarterly),https://query1.finance.yahoo.com/ws/fundamentals-timeseries/v1/finance/timeseries/2327.TW
2327.TW,Q:2025-09-30,2025-09-30,r_and_d,834.142,TWD,mn,Yahoo Finance fundamentals-timeseries (quarterly),https://query1.finance.yahoo.com/ws/fundamentals-timeseries/v1/finance/timeseries/2327.TW
2327.TW,FY2025,2025-12-31,r_and_d,3418.746,TWD,mn,Yahoo Finance fundamentals-timeseries (annual),https://query1.finance.yahoo.com/ws/fundamentals-timeseries/v1/finance/timeseries/2327.TW
2327.TW,Q:2025-12-31,2025-12-31,r_and_d,885.598,TWD,mn,Yahoo Finance fundamentals-timeseries (quarterly),https://query1.finance.yahoo.com/ws/fundamentals-timeseries/v1/finance/timeseries/2327.TW
2327.TW,Q:2026-03-31,2026-03-31,r_and_d,893.959,TWD,mn,Yahoo Finance fundamentals-timeseries (quarterly),https://query1.finance.yahoo.com/ws/fundamentals-timeseries/v1/finance/timeseries/2327.TW
2327.TW,Q:2026-06-30,2026-06-30,r_and_d,906.595,TWD,mn,Yahoo Finance fundamentals-timeseries (quarterly),https://query1.finance.yahoo.com/ws/fundamentals-timeseries/v1/finance/timeseries/2327.TW
2327.TW,FY2022,2022-12-31,receivables,22146.434,TWD,mn,Yahoo Finance fundamentals-timeseries (annual),https://query1.finance.yahoo.com/ws/fundamentals-timeseries/v1/finance/timeseries/2327.TW
2327.TW,FY2023,2023-12-31,receivables,20301.267,TWD,mn,Yahoo Finance fundamentals-timeseries (annual),https://query1.finance.yahoo.com/ws/fundamentals-timeseries/v1/finance/timeseries/2327.TW
2327.TW,FY2024,2024-12-31,receivables,21783.062,TWD,mn,Yahoo Finance fundamentals-timeseries (annual),https://query1.finance.yahoo.com/ws/fundamentals-timeseries/v1/finance/timeseries/2327.TW
2327.TW,Q:2025-06-30,2025-06-30,receivables,24185.577,TWD,mn,Yahoo Finance fundamentals-timeseries (quarterly),https://query1.finance.yahoo.com/ws/fundamentals-timeseries/v1/finance/timeseries/2327.TW
2327.TW,Q:2025-09-30,2025-09-30,receivables,24746.897,TWD,mn,Yahoo Finance fundamentals-timeseries (quarterly),https://query1.finance.yahoo.com/ws/fundamentals-timeseries/v1/finance/timeseries/2327.TW
2327.TW,FY2025,2025-12-31,receivables,27536.331,TWD,mn,Yahoo Finance fundamentals-timeseries (annual),https://query1.finance.yahoo.com/ws/fundamentals-timeseries/v1/finance/timeseries/2327.TW
2327.TW,Q:2025-12-31,2025-12-31,receivables,27536.331,TWD,mn,Yahoo Finance fundamentals-timeseries (quarterly),https://query1.finance.yahoo.com/ws/fundamentals-timeseries/v1/finance/timeseries/2327.TW
2327.TW,Q:2026-03-31,2026-03-31,receivables,29480.893,TWD,mn,Yahoo Finance fundamentals-timeseries (quarterly),https://query1.finance.yahoo.com/ws/fundamentals-timeseries/v1/finance/timeseries/2327.TW
2327.TW,Q:2026-06-30,2026-06-30,receivables,33262.295,TWD,mn,Yahoo Finance fundamentals-timeseries (quarterly),https://query1.finance.yahoo.com/ws/fundamentals-timeseries/v1/finance/timeseries/2327.TW
2327.TW,FY2022,2022-12-31,revenue,121086.925,TWD,mn,Yahoo Finance fundamentals-timeseries (annual),https://query1.finance.yahoo.com/ws/fundamentals-timeseries/v1/finance/timeseries/2327.TW
2327.TW,FY2023,2023-12-31,revenue,107609.336,TWD,mn,Yahoo Finance fundamentals-timeseries (annual),https://query1.finance.yahoo.com/ws/fundamentals-timeseries/v1/finance/timeseries/2327.TW
2327.TW,FY2024,2024-12-31,revenue,121667.329,TWD,mn,Yahoo Finance fundamentals-timeseries (annual),https://query1.finance.yahoo.com/ws/fundamentals-timeseries/v1/finance/timeseries/2327.TW
2327.TW,Q:2025-06-30,2025-06-30,revenue,32771.388,TWD,mn,Yahoo Finance fundamentals-timeseries (quarterly),https://query1.finance.yahoo.com/ws/fundamentals-timeseries/v1/finance/timeseries/2327.TW
2327.TW,Q:2025-09-30,2025-09-30,revenue,33086.712,TWD,mn,Yahoo Finance fundamentals-timeseries (quarterly),https://query1.finance.yahoo.com/ws/fundamentals-timeseries/v1/finance/timeseries/2327.TW
2327.TW,FY2025,2025-12-31,revenue,132930.016,TWD,mn,Yahoo Finance fundamentals-timeseries (annual),https://query1.finance.yahoo.com/ws/fundamentals-timeseries/v1/finance/timeseries/2327.TW
2327.TW,Q:2025-12-31,2025-12-31,revenue,35968.221,TWD,mn,Yahoo Finance fundamentals-timeseries (quarterly),https://query1.finance.yahoo.com/ws/fundamentals-timeseries/v1/finance/timeseries/2327.TW
2327.TW,Q:2026-03-31,2026-03-31,revenue,38165.648,TWD,mn,Yahoo Finance fundamentals-timeseries (quarterly),https://query1.finance.yahoo.com/ws/fundamentals-timeseries/v1/finance/timeseries/2327.TW
2327.TW,Q:2026-06-30,2026-06-30,revenue,44456.327,TWD,mn,Yahoo Finance fundamentals-timeseries (quarterly),https://query1.finance.yahoo.com/ws/fundamentals-timeseries/v1/finance/timeseries/2327.TW
2327.TW,FY2022,2022-12-31,shares_diluted,2522.1084,TWD,mn,Yahoo Finance fundamentals-timeseries (annual),https://query1.finance.yahoo.com/ws/fundamentals-timeseries/v1/finance/timeseries/2327.TW
2327.TW,FY2023,2023-12-31,shares_diluted,2057.26,TWD,mn,Yahoo Finance fundamentals-timeseries (annual),https://query1.finance.yahoo.com/ws/fundamentals-timeseries/v1/finance/timeseries/2327.TW
2327.TW,FY2024,2024-12-31,shares_diluted,2059.518,TWD,mn,Yahoo Finance fundamentals-timeseries (annual),https://query1.finance.yahoo.com/ws/fundamentals-timeseries/v1/finance/timeseries/2327.TW
2327.TW,Q:2025-03-31,2025-03-31,shares_diluted,2058.081,TWD,mn,Yahoo Finance fundamentals-timeseries (quarterly),https://query1.finance.yahoo.com/ws/fundamentals-timeseries/v1/finance/timeseries/2327.TW
2327.TW,Q:2025-06-30,2025-06-30,shares_diluted,2056.6852,TWD,mn,Yahoo Finance fundamentals-timeseries (quarterly),https://query1.finance.yahoo.com/ws/fundamentals-timeseries/v1/finance/timeseries/2327.TW
2327.TW,Q:2025-09-30,2025-09-30,shares_diluted,2056.9916,TWD,mn,Yahoo Finance fundamentals-timeseries (quarterly),https://query1.finance.yahoo.com/ws/fundamentals-timeseries/v1/finance/timeseries/2327.TW
2327.TW,FY2025,2025-12-31,shares_diluted,2058.319,TWD,mn,Yahoo Finance fundamentals-timeseries (annual),https://query1.finance.yahoo.com/ws/fundamentals-timeseries/v1/finance/timeseries/2327.TW
2327.TW,Q:2026-03-31,2026-03-31,shares_diluted,2056.424,TWD,mn,Yahoo Finance fundamentals-timeseries (quarterly),https://query1.finance.yahoo.com/ws/fundamentals-timeseries/v1/finance/timeseries/2327.TW
2327.TW,Q:2026-06-30,2026-06-30,shares_diluted,2051.9207,TWD,mn,Yahoo Finance fundamentals-timeseries (quarterly),https://query1.finance.yahoo.com/ws/fundamentals-timeseries/v1/finance/timeseries/2327.TW
2327.TW,FY2022,2022-12-31,total_debt,96238.464,TWD,mn,Yahoo Finance fundamentals-timeseries (annual),https://query1.finance.yahoo.com/ws/fundamentals-timeseries/v1/finance/timeseries/2327.TW
2327.TW,FY2023,2023-12-31,total_debt,137080.712,TWD,mn,Yahoo Finance fundamentals-timeseries (annual),https://query1.finance.yahoo.com/ws/fundamentals-timeseries/v1/finance/timeseries/2327.TW
2327.TW,FY2024,2024-12-31,total_debt,143427.247,TWD,mn,Yahoo Finance fundamentals-timeseries (annual),https://query1.finance.yahoo.com/ws/fundamentals-timeseries/v1/finance/timeseries/2327.TW
2327.TW,Q:2025-06-30,2025-06-30,total_debt,137746.671,TWD,mn,Yahoo Finance fundamentals-timeseries (quarterly),https://query1.finance.yahoo.com/ws/fundamentals-timeseries/v1/finance/timeseries/2327.TW
2327.TW,Q:2025-09-30,2025-09-30,total_debt,143078.122,TWD,mn,Yahoo Finance fundamentals-timeseries (quarterly),https://query1.finance.yahoo.com/ws/fundamentals-timeseries/v1/finance/timeseries/2327.TW
2327.TW,FY2025,2025-12-31,total_debt,150894.63,TWD,mn,Yahoo Finance fundamentals-timeseries (annual),https://query1.finance.yahoo.com/ws/fundamentals-timeseries/v1/finance/timeseries/2327.TW
2327.TW,Q:2025-12-31,2025-12-31,total_debt,150894.63,TWD,mn,Yahoo Finance fundamentals-timeseries (quarterly),https://query1.finance.yahoo.com/ws/fundamentals-timeseries/v1/finance/timeseries/2327.TW
2327.TW,Q:2026-03-31,2026-03-31,total_debt,150492.306,TWD,mn,Yahoo Finance fundamentals-timeseries (quarterly),https://query1.finance.yahoo.com/ws/fundamentals-timeseries/v1/finance/timeseries/2327.TW
2327.TW,Q:2026-06-30,2026-06-30,total_debt,247411.666,TWD,mn,Yahoo Finance fundamentals-timeseries (quarterly),https://query1.finance.yahoo.com/ws/fundamentals-timeseries/v1/finance/timeseries/2327.TW
2327.TW,FY2022,2022-12-31,total_equity,121344.357,TWD,mn,Yahoo Finance fundamentals-timeseries (annual),https://query1.finance.yahoo.com/ws/fundamentals-timeseries/v1/finance/timeseries/2327.TW
2327.TW,FY2023,2023-12-31,total_equity,135372.211,TWD,mn,Yahoo Finance fundamentals-timeseries (annual),https://query1.finance.yahoo.com/ws/fundamentals-timeseries/v1/finance/timeseries/2327.TW
2327.TW,FY2024,2024-12-31,total_equity,160461.209,TWD,mn,Yahoo Finance fundamentals-timeseries (annual),https://query1.finance.yahoo.com/ws/fundamentals-timeseries/v1/finance/timeseries/2327.TW
2327.TW,Q:2025-06-30,2025-06-30,total_equity,146917.248,TWD,mn,Yahoo Finance fundamentals-timeseries (quarterly),https://query1.finance.yahoo.com/ws/fundamentals-timeseries/v1/finance/timeseries/2327.TW
2327.TW,Q:2025-09-30,2025-09-30,total_equity,157266.371,TWD,mn,Yahoo Finance fundamentals-timeseries (quarterly),https://query1.finance.yahoo.com/ws/fundamentals-timeseries/v1/finance/timeseries/2327.TW
2327.TW,FY2025,2025-12-31,total_equity,170877.823,TWD,mn,Yahoo Finance fundamentals-timeseries (annual),https://query1.finance.yahoo.com/ws/fundamentals-timeseries/v1/finance/timeseries/2327.TW
2327.TW,Q:2025-12-31,2025-12-31,total_equity,170877.823,TWD,mn,Yahoo Finance fundamentals-timeseries (quarterly),https://query1.finance.yahoo.com/ws/fundamentals-timeseries/v1/finance/timeseries/2327.TW
2327.TW,Q:2026-03-31,2026-03-31,total_equity,166871.112,TWD,mn,Yahoo Finance fundamentals-timeseries (quarterly),https://query1.finance.yahoo.com/ws/fundamentals-timeseries/v1/finance/timeseries/2327.TW
2327.TW,Q:2026-06-30,2026-06-30,total_equity,176751.31,TWD,mn,Yahoo Finance fundamentals-timeseries (quarterly),https://query1.finance.yahoo.com/ws/fundamentals-timeseries/v1/finance/timeseries/2327.TW
2492.TW,FY2022,2022-12-31,capex,-4770.789,TWD,mn,Yahoo Finance fundamentals-timeseries (annual),https://query1.finance.yahoo.com/ws/fundamentals-timeseries/v1/finance/timeseries/2492.TW
2492.TW,FY2023,2023-12-31,capex,-2376.139,TWD,mn,Yahoo Finance fundamentals-timeseries (annual),https://query1.finance.yahoo.com/ws/fundamentals-timeseries/v1/finance/timeseries/2492.TW
2492.TW,FY2024,2024-12-31,capex,-1280.768,TWD,mn,Yahoo Finance fundamentals-timeseries (annual),https://query1.finance.yahoo.com/ws/fundamentals-timeseries/v1/finance/timeseries/2492.TW
2492.TW,Q:2025-03-31,2025-03-31,capex,-234.25,TWD,mn,Yahoo Finance fundamentals-timeseries (quarterly),https://query1.finance.yahoo.com/ws/fundamentals-timeseries/v1/finance/timeseries/2492.TW
2492.TW,Q:2025-06-30,2025-06-30,capex,-278.59,TWD,mn,Yahoo Finance fundamentals-timeseries (quarterly),https://query1.finance.yahoo.com/ws/fundamentals-timeseries/v1/finance/timeseries/2492.TW
2492.TW,FY2025,2025-12-31,capex,-1086.959,TWD,mn,Yahoo Finance fundamentals-timeseries (annual),https://query1.finance.yahoo.com/ws/fundamentals-timeseries/v1/finance/timeseries/2492.TW
2492.TW,Q:2025-12-31,2025-12-31,capex,-337.747,TWD,mn,Yahoo Finance fundamentals-timeseries (quarterly),https://query1.finance.yahoo.com/ws/fundamentals-timeseries/v1/finance/timeseries/2492.TW
2492.TW,Q:2026-03-31,2026-03-31,capex,-277.509,TWD,mn,Yahoo Finance fundamentals-timeseries (quarterly),https://query1.finance.yahoo.com/ws/fundamentals-timeseries/v1/finance/timeseries/2492.TW
2492.TW,Q:2026-06-30,2026-06-30,capex,-354.968,TWD,mn,Yahoo Finance fundamentals-timeseries (quarterly),https://query1.finance.yahoo.com/ws/fundamentals-timeseries/v1/finance/timeseries/2492.TW
2492.TW,FY2022,2022-12-31,cash,23650.505,TWD,mn,Yahoo Finance fundamentals-timeseries (annual),https://query1.finance.yahoo.com/ws/fundamentals-timeseries/v1/finance/timeseries/2492.TW
2492.TW,FY2023,2023-12-31,cash,20129.096,TWD,mn,Yahoo Finance fundamentals-timeseries (annual),https://query1.finance.yahoo.com/ws/fundamentals-timeseries/v1/finance/timeseries/2492.TW
2492.TW,FY2024,2024-12-31,cash,11415.389,TWD,mn,Yahoo Finance fundamentals-timeseries (annual),https://query1.finance.yahoo.com/ws/fundamentals-timeseries/v1/finance/timeseries/2492.TW
2492.TW,Q:2025-03-31,2025-03-31,cash,12688.334,TWD,mn,Yahoo Finance fundamentals-timeseries (quarterly),https://query1.finance.yahoo.com/ws/fundamentals-timeseries/v1/finance/timeseries/2492.TW
2492.TW,Q:2025-06-30,2025-06-30,cash,10922.134,TWD,mn,Yahoo Finance fundamentals-timeseries (quarterly),https://query1.finance.yahoo.com/ws/fundamentals-timeseries/v1/finance/timeseries/2492.TW
2492.TW,FY2025,2025-12-31,cash,12567.217,TWD,mn,Yahoo Finance fundamentals-timeseries (annual),https://query1.finance.yahoo.com/ws/fundamentals-timeseries/v1/finance/timeseries/2492.TW
2492.TW,Q:2025-12-31,2025-12-31,cash,12567.217,TWD,mn,Yahoo Finance fundamentals-timeseries (quarterly),https://query1.finance.yahoo.com/ws/fundamentals-timeseries/v1/finance/timeseries/2492.TW
2492.TW,Q:2026-03-31,2026-03-31,cash,14276.994,TWD,mn,Yahoo Finance fundamentals-timeseries (quarterly),https://query1.finance.yahoo.com/ws/fundamentals-timeseries/v1/finance/timeseries/2492.TW
2492.TW,Q:2026-06-30,2026-06-30,cash,14008.968,TWD,mn,Yahoo Finance fundamentals-timeseries (quarterly),https://query1.finance.yahoo.com/ws/fundamentals-timeseries/v1/finance/timeseries/2492.TW
2492.TW,FY2022,2022-12-31,d_and_a,5573.022,TWD,mn,Yahoo Finance fundamentals-timeseries (annual),https://query1.finance.yahoo.com/ws/fundamentals-timeseries/v1/finance/timeseries/2492.TW
2492.TW,FY2023,2023-12-31,d_and_a,5113.109,TWD,mn,Yahoo Finance fundamentals-timeseries (annual),https://query1.finance.yahoo.com/ws/fundamentals-timeseries/v1/finance/timeseries/2492.TW
2492.TW,FY2024,2024-12-31,d_and_a,5001.257,TWD,mn,Yahoo Finance fundamentals-timeseries (annual),https://query1.finance.yahoo.com/ws/fundamentals-timeseries/v1/finance/timeseries/2492.TW
2492.TW,Q:2025-03-31,2025-03-31,d_and_a,1202.676,TWD,mn,Yahoo Finance fundamentals-timeseries (quarterly),https://query1.finance.yahoo.com/ws/fundamentals-timeseries/v1/finance/timeseries/2492.TW
2492.TW,Q:2025-06-30,2025-06-30,d_and_a,1082.792,TWD,mn,Yahoo Finance fundamentals-timeseries (quarterly),https://query1.finance.yahoo.com/ws/fundamentals-timeseries/v1/finance/timeseries/2492.TW
2492.TW,FY2025,2025-12-31,d_and_a,4215.001,TWD,mn,Yahoo Finance fundamentals-timeseries (annual),https://query1.finance.yahoo.com/ws/fundamentals-timeseries/v1/finance/timeseries/2492.TW
2492.TW,Q:2025-12-31,2025-12-31,d_and_a,913.866,TWD,mn,Yahoo Finance fundamentals-timeseries (quarterly),https://query1.finance.yahoo.com/ws/fundamentals-timeseries/v1/finance/timeseries/2492.TW
2492.TW,Q:2026-03-31,2026-03-31,d_and_a,915.916,TWD,mn,Yahoo Finance fundamentals-timeseries (quarterly),https://query1.finance.yahoo.com/ws/fundamentals-timeseries/v1/finance/timeseries/2492.TW
2492.TW,Q:2026-06-30,2026-06-30,d_and_a,854.211,TWD,mn,Yahoo Finance fundamentals-timeseries (quarterly),https://query1.finance.yahoo.com/ws/fundamentals-timeseries/v1/finance/timeseries/2492.TW
2492.TW,FY2022,2022-12-31,dividends_paid_total,-2186.104,TWD,mn,Yahoo Finance fundamentals-timeseries (annual),https://query1.finance.yahoo.com/ws/fundamentals-timeseries/v1/finance/timeseries/2492.TW
2492.TW,FY2023,2023-12-31,dividends_paid_total,-1165.922,TWD,mn,Yahoo Finance fundamentals-timeseries (annual),https://query1.finance.yahoo.com/ws/fundamentals-timeseries/v1/finance/timeseries/2492.TW
2492.TW,FY2024,2024-12-31,dividends_paid_total,-1044.462,TWD,mn,Yahoo Finance fundamentals-timeseries (annual),https://query1.finance.yahoo.com/ws/fundamentals-timeseries/v1/finance/timeseries/2492.TW
2492.TW,FY2025,2025-12-31,dividends_paid_total,-1165.931,TWD,mn,Yahoo Finance fundamentals-timeseries (annual),https://query1.finance.yahoo.com/ws/fundamentals-timeseries/v1/finance/timeseries/2492.TW
2492.TW,Q:2025-12-31,2025-12-31,dividends_paid_total,-0.005,TWD,mn,Yahoo Finance fundamentals-timeseries (quarterly),https://query1.finance.yahoo.com/ws/fundamentals-timeseries/v1/finance/timeseries/2492.TW
2492.TW,FY2022,2022-12-31,ebitda,9374.991,TWD,mn,Yahoo Finance fundamentals-timeseries (annual),https://query1.finance.yahoo.com/ws/fundamentals-timeseries/v1/finance/timeseries/2492.TW
2492.TW,FY2023,2023-12-31,ebitda,8990.409,TWD,mn,Yahoo Finance fundamentals-timeseries (annual),https://query1.finance.yahoo.com/ws/fundamentals-timeseries/v1/finance/timeseries/2492.TW
2492.TW,FY2024,2024-12-31,ebitda,10429.777,TWD,mn,Yahoo Finance fundamentals-timeseries (annual),https://query1.finance.yahoo.com/ws/fundamentals-timeseries/v1/finance/timeseries/2492.TW
2492.TW,Q:2025-03-31,2025-03-31,ebitda,2296.534,TWD,mn,Yahoo Finance fundamentals-timeseries (quarterly),https://query1.finance.yahoo.com/ws/fundamentals-timeseries/v1/finance/timeseries/2492.TW
2492.TW,Q:2025-06-30,2025-06-30,ebitda,992.357,TWD,mn,Yahoo Finance fundamentals-timeseries (quarterly),https://query1.finance.yahoo.com/ws/fundamentals-timeseries/v1/finance/timeseries/2492.TW
2492.TW,FY2025,2025-12-31,ebitda,8492.576,TWD,mn,Yahoo Finance fundamentals-timeseries (annual),https://query1.finance.yahoo.com/ws/fundamentals-timeseries/v1/finance/timeseries/2492.TW
2492.TW,Q:2025-12-31,2025-12-31,ebitda,2479.925,TWD,mn,Yahoo Finance fundamentals-timeseries (quarterly),https://query1.finance.yahoo.com/ws/fundamentals-timeseries/v1/finance/timeseries/2492.TW
2492.TW,Q:2026-03-31,2026-03-31,ebitda,2484.919,TWD,mn,Yahoo Finance fundamentals-timeseries (quarterly),https://query1.finance.yahoo.com/ws/fundamentals-timeseries/v1/finance/timeseries/2492.TW
2492.TW,Q:2026-06-30,2026-06-30,ebitda,3254.59,TWD,mn,Yahoo Finance fundamentals-timeseries (quarterly),https://query1.finance.yahoo.com/ws/fundamentals-timeseries/v1/finance/timeseries/2492.TW
2492.TW,FY2022,2022-12-31,eps_diluted,3.35,TWD,per_share,Yahoo Finance fundamentals-timeseries (annual),https://query1.finance.yahoo.com/ws/fundamentals-timeseries/v1/finance/timeseries/2492.TW
2492.TW,FY2023,2023-12-31,eps_diluted,4.0,TWD,per_share,Yahoo Finance fundamentals-timeseries (annual),https://query1.finance.yahoo.com/ws/fundamentals-timeseries/v1/finance/timeseries/2492.TW
2492.TW,FY2024,2024-12-31,eps_diluted,6.08,TWD,per_share,Yahoo Finance fundamentals-timeseries (annual),https://query1.finance.yahoo.com/ws/fundamentals-timeseries/v1/finance/timeseries/2492.TW
2492.TW,Q:2025-03-31,2025-03-31,eps_diluted,1.21,TWD,per_share,Yahoo Finance fundamentals-timeseries (quarterly),https://query1.finance.yahoo.com/ws/fundamentals-timeseries/v1/finance/timeseries/2492.TW
2492.TW,Q:2025-06-30,2025-06-30,eps_diluted,-0.4433,TWD,per_share,Yahoo Finance fundamentals-timeseries (quarterly),https://query1.finance.yahoo.com/ws/fundamentals-timeseries/v1/finance/timeseries/2492.TW
2492.TW,FY2025,2025-12-31,eps_diluted,4.73,TWD,per_share,Yahoo Finance fundamentals-timeseries (annual),https://query1.finance.yahoo.com/ws/fundamentals-timeseries/v1/finance/timeseries/2492.TW
2492.TW,Q:2026-03-31,2026-03-31,eps_diluted,1.69,TWD,per_share,Yahoo Finance fundamentals-timeseries (quarterly),https://query1.finance.yahoo.com/ws/fundamentals-timeseries/v1/finance/timeseries/2492.TW
2492.TW,Q:2026-06-30,2026-06-30,eps_diluted,3.24,TWD,per_share,Yahoo Finance fundamentals-timeseries (quarterly),https://query1.finance.yahoo.com/ws/fundamentals-timeseries/v1/finance/timeseries/2492.TW
2492.TW,FY2022,2022-12-31,free_cash_flow,4161.748,TWD,mn,Yahoo Finance fundamentals-timeseries (annual),https://query1.finance.yahoo.com/ws/fundamentals-timeseries/v1/finance/timeseries/2492.TW
2492.TW,FY2023,2023-12-31,free_cash_flow,6117.578,TWD,mn,Yahoo Finance fundamentals-timeseries (annual),https://query1.finance.yahoo.com/ws/fundamentals-timeseries/v1/finance/timeseries/2492.TW
2492.TW,FY2024,2024-12-31,free_cash_flow,4860.292,TWD,mn,Yahoo Finance fundamentals-timeseries (annual),https://query1.finance.yahoo.com/ws/fundamentals-timeseries/v1/finance/timeseries/2492.TW
2492.TW,Q:2025-03-31,2025-03-31,free_cash_flow,1534.216,TWD,mn,Yahoo Finance fundamentals-timeseries (quarterly),https://query1.finance.yahoo.com/ws/fundamentals-timeseries/v1/finance/timeseries/2492.TW
2492.TW,Q:2025-06-30,2025-06-30,free_cash_flow,453.544,TWD,mn,Yahoo Finance fundamentals-timeseries (quarterly),https://query1.finance.yahoo.com/ws/fundamentals-timeseries/v1/finance/timeseries/2492.TW
2492.TW,FY2025,2025-12-31,free_cash_flow,5059.053,TWD,mn,Yahoo Finance fundamentals-timeseries (annual),https://query1.finance.yahoo.com/ws/fundamentals-timeseries/v1/finance/timeseries/2492.TW
2492.TW,Q:2025-12-31,2025-12-31,free_cash_flow,587.405,TWD,mn,Yahoo Finance fundamentals-timeseries (quarterly),https://query1.finance.yahoo.com/ws/fundamentals-timeseries/v1/finance/timeseries/2492.TW
2492.TW,Q:2026-03-31,2026-03-31,free_cash_flow,838.776,TWD,mn,Yahoo Finance fundamentals-timeseries (quarterly),https://query1.finance.yahoo.com/ws/fundamentals-timeseries/v1/finance/timeseries/2492.TW
2492.TW,Q:2026-06-30,2026-06-30,free_cash_flow,753.5,TWD,mn,Yahoo Finance fundamentals-timeseries (quarterly),https://query1.finance.yahoo.com/ws/fundamentals-timeseries/v1/finance/timeseries/2492.TW
2492.TW,FY2022,2022-12-31,gross_profit,6299.748,TWD,mn,Yahoo Finance fundamentals-timeseries (annual),https://query1.finance.yahoo.com/ws/fundamentals-timeseries/v1/finance/timeseries/2492.TW
2492.TW,FY2023,2023-12-31,gross_profit,5837.155,TWD,mn,Yahoo Finance fundamentals-timeseries (annual),https://query1.finance.yahoo.com/ws/fundamentals-timeseries/v1/finance/timeseries/2492.TW
2492.TW,FY2024,2024-12-31,gross_profit,6480.616,TWD,mn,Yahoo Finance fundamentals-timeseries (annual),https://query1.finance.yahoo.com/ws/fundamentals-timeseries/v1/finance/timeseries/2492.TW
2492.TW,Q:2025-03-31,2025-03-31,gross_profit,1499.759,TWD,mn,Yahoo Finance fundamentals-timeseries (quarterly),https://query1.finance.yahoo.com/ws/fundamentals-timeseries/v1/finance/timeseries/2492.TW
2492.TW,Q:2025-06-30,2025-06-30,gross_profit,1622.923,TWD,mn,Yahoo Finance fundamentals-timeseries (quarterly),https://query1.finance.yahoo.com/ws/fundamentals-timeseries/v1/finance/timeseries/2492.TW
2492.TW,FY2025,2025-12-31,gross_profit,6299.588,TWD,mn,Yahoo Finance fundamentals-timeseries (annual),https://query1.finance.yahoo.com/ws/fundamentals-timeseries/v1/finance/timeseries/2492.TW
2492.TW,Q:2025-12-31,2025-12-31,gross_profit,1599.323,TWD,mn,Yahoo Finance fundamentals-timeseries (quarterly),https://query1.finance.yahoo.com/ws/fundamentals-timeseries/v1/finance/timeseries/2492.TW
2492.TW,Q:2026-03-31,2026-03-31,gross_profit,1745.962,TWD,mn,Yahoo Finance fundamentals-timeseries (quarterly),https://query1.finance.yahoo.com/ws/fundamentals-timeseries/v1/finance/timeseries/2492.TW
2492.TW,Q:2026-06-30,2026-06-30,gross_profit,2295.414,TWD,mn,Yahoo Finance fundamentals-timeseries (quarterly),https://query1.finance.yahoo.com/ws/fundamentals-timeseries/v1/finance/timeseries/2492.TW
2492.TW,FY2022,2022-12-31,inventory,7883.145,TWD,mn,Yahoo Finance fundamentals-timeseries (annual),https://query1.finance.yahoo.com/ws/fundamentals-timeseries/v1/finance/timeseries/2492.TW
2492.TW,FY2023,2023-12-31,inventory,6962.98,TWD,mn,Yahoo Finance fundamentals-timeseries (annual),https://query1.finance.yahoo.com/ws/fundamentals-timeseries/v1/finance/timeseries/2492.TW
2492.TW,FY2024,2024-12-31,inventory,8082.433,TWD,mn,Yahoo Finance fundamentals-timeseries (annual),https://query1.finance.yahoo.com/ws/fundamentals-timeseries/v1/finance/timeseries/2492.TW
2492.TW,Q:2025-03-31,2025-03-31,inventory,8337.647,TWD,mn,Yahoo Finance fundamentals-timeseries (quarterly),https://query1.finance.yahoo.com/ws/fundamentals-timeseries/v1/finance/timeseries/2492.TW
2492.TW,Q:2025-06-30,2025-06-30,inventory,7420.732,TWD,mn,Yahoo Finance fundamentals-timeseries (quarterly),https://query1.finance.yahoo.com/ws/fundamentals-timeseries/v1/finance/timeseries/2492.TW
2492.TW,FY2025,2025-12-31,inventory,8737.688,TWD,mn,Yahoo Finance fundamentals-timeseries (annual),https://query1.finance.yahoo.com/ws/fundamentals-timeseries/v1/finance/timeseries/2492.TW
2492.TW,Q:2025-12-31,2025-12-31,inventory,8737.688,TWD,mn,Yahoo Finance fundamentals-timeseries (quarterly),https://query1.finance.yahoo.com/ws/fundamentals-timeseries/v1/finance/timeseries/2492.TW
2492.TW,Q:2026-03-31,2026-03-31,inventory,9261.24,TWD,mn,Yahoo Finance fundamentals-timeseries (quarterly),https://query1.finance.yahoo.com/ws/fundamentals-timeseries/v1/finance/timeseries/2492.TW
2492.TW,Q:2026-06-30,2026-06-30,inventory,9410.743,TWD,mn,Yahoo Finance fundamentals-timeseries (quarterly),https://query1.finance.yahoo.com/ws/fundamentals-timeseries/v1/finance/timeseries/2492.TW
2492.TW,FY2022,2022-12-31,net_income,1650.587,TWD,mn,Yahoo Finance fundamentals-timeseries (annual),https://query1.finance.yahoo.com/ws/fundamentals-timeseries/v1/finance/timeseries/2492.TW
2492.TW,FY2023,2023-12-31,net_income,1984.596,TWD,mn,Yahoo Finance fundamentals-timeseries (annual),https://query1.finance.yahoo.com/ws/fundamentals-timeseries/v1/finance/timeseries/2492.TW
2492.TW,FY2024,2024-12-31,net_income,2982.507,TWD,mn,Yahoo Finance fundamentals-timeseries (annual),https://query1.finance.yahoo.com/ws/fundamentals-timeseries/v1/finance/timeseries/2492.TW
2492.TW,Q:2025-03-31,2025-03-31,net_income,585.336,TWD,mn,Yahoo Finance fundamentals-timeseries (quarterly),https://query1.finance.yahoo.com/ws/fundamentals-timeseries/v1/finance/timeseries/2492.TW
2492.TW,Q:2025-06-30,2025-06-30,net_income,-214.892,TWD,mn,Yahoo Finance fundamentals-timeseries (quarterly),https://query1.finance.yahoo.com/ws/fundamentals-timeseries/v1/finance/timeseries/2492.TW
2492.TW,FY2025,2025-12-31,net_income,2298.168,TWD,mn,Yahoo Finance fundamentals-timeseries (annual),https://query1.finance.yahoo.com/ws/fundamentals-timeseries/v1/finance/timeseries/2492.TW
2492.TW,Q:2025-12-31,2025-12-31,net_income,870.0,TWD,mn,Yahoo Finance fundamentals-timeseries (quarterly),https://query1.finance.yahoo.com/ws/fundamentals-timeseries/v1/finance/timeseries/2492.TW
2492.TW,Q:2026-03-31,2026-03-31,net_income,819.611,TWD,mn,Yahoo Finance fundamentals-timeseries (quarterly),https://query1.finance.yahoo.com/ws/fundamentals-timeseries/v1/finance/timeseries/2492.TW
2492.TW,Q:2026-06-30,2026-06-30,net_income,1571.745,TWD,mn,Yahoo Finance fundamentals-timeseries (quarterly),https://query1.finance.yahoo.com/ws/fundamentals-timeseries/v1/finance/timeseries/2492.TW
2492.TW,FY2022,2022-12-31,operating_cash_flow,8932.537,TWD,mn,Yahoo Finance fundamentals-timeseries (annual),https://query1.finance.yahoo.com/ws/fundamentals-timeseries/v1/finance/timeseries/2492.TW
2492.TW,FY2023,2023-12-31,operating_cash_flow,8493.717,TWD,mn,Yahoo Finance fundamentals-timeseries (annual),https://query1.finance.yahoo.com/ws/fundamentals-timeseries/v1/finance/timeseries/2492.TW
2492.TW,FY2024,2024-12-31,operating_cash_flow,6141.06,TWD,mn,Yahoo Finance fundamentals-timeseries (annual),https://query1.finance.yahoo.com/ws/fundamentals-timeseries/v1/finance/timeseries/2492.TW
2492.TW,Q:2025-03-31,2025-03-31,operating_cash_flow,1768.466,TWD,mn,Yahoo Finance fundamentals-timeseries (quarterly),https://query1.finance.yahoo.com/ws/fundamentals-timeseries/v1/finance/timeseries/2492.TW
2492.TW,Q:2025-06-30,2025-06-30,operating_cash_flow,732.134,TWD,mn,Yahoo Finance fundamentals-timeseries (quarterly),https://query1.finance.yahoo.com/ws/fundamentals-timeseries/v1/finance/timeseries/2492.TW
2492.TW,FY2025,2025-12-31,operating_cash_flow,6146.012,TWD,mn,Yahoo Finance fundamentals-timeseries (annual),https://query1.finance.yahoo.com/ws/fundamentals-timeseries/v1/finance/timeseries/2492.TW
2492.TW,Q:2025-12-31,2025-12-31,operating_cash_flow,925.152,TWD,mn,Yahoo Finance fundamentals-timeseries (quarterly),https://query1.finance.yahoo.com/ws/fundamentals-timeseries/v1/finance/timeseries/2492.TW
2492.TW,Q:2026-03-31,2026-03-31,operating_cash_flow,1116.285,TWD,mn,Yahoo Finance fundamentals-timeseries (quarterly),https://query1.finance.yahoo.com/ws/fundamentals-timeseries/v1/finance/timeseries/2492.TW
2492.TW,Q:2026-06-30,2026-06-30,operating_cash_flow,1108.468,TWD,mn,Yahoo Finance fundamentals-timeseries (quarterly),https://query1.finance.yahoo.com/ws/fundamentals-timeseries/v1/finance/timeseries/2492.TW
2492.TW,FY2022,2022-12-31,operating_income,2060.933,TWD,mn,Yahoo Finance fundamentals-timeseries (annual),https://query1.finance.yahoo.com/ws/fundamentals-timeseries/v1/finance/timeseries/2492.TW
2492.TW,FY2023,2023-12-31,operating_income,1795.311,TWD,mn,Yahoo Finance fundamentals-timeseries (annual),https://query1.finance.yahoo.com/ws/fundamentals-timeseries/v1/finance/timeseries/2492.TW
2492.TW,FY2024,2024-12-31,operating_income,2182.197,TWD,mn,Yahoo Finance fundamentals-timeseries (annual),https://query1.finance.yahoo.com/ws/fundamentals-timeseries/v1/finance/timeseries/2492.TW
2492.TW,Q:2025-03-31,2025-03-31,operating_income,484.232,TWD,mn,Yahoo Finance fundamentals-timeseries (quarterly),https://query1.finance.yahoo.com/ws/fundamentals-timeseries/v1/finance/timeseries/2492.TW
2492.TW,Q:2025-06-30,2025-06-30,operating_income,555.065,TWD,mn,Yahoo Finance fundamentals-timeseries (quarterly),https://query1.finance.yahoo.com/ws/fundamentals-timeseries/v1/finance/timeseries/2492.TW
2492.TW,FY2025,2025-12-31,operating_income,2106.005,TWD,mn,Yahoo Finance fundamentals-timeseries (annual),https://query1.finance.yahoo.com/ws/fundamentals-timeseries/v1/finance/timeseries/2492.TW
2492.TW,Q:2025-12-31,2025-12-31,operating_income,557.555,TWD,mn,Yahoo Finance fundamentals-timeseries (quarterly),https://query1.finance.yahoo.com/ws/fundamentals-timeseries/v1/finance/timeseries/2492.TW
2492.TW,Q:2026-03-31,2026-03-31,operating_income,718.933,TWD,mn,Yahoo Finance fundamentals-timeseries (quarterly),https://query1.finance.yahoo.com/ws/fundamentals-timeseries/v1/finance/timeseries/2492.TW
2492.TW,Q:2026-06-30,2026-06-30,operating_income,1161.717,TWD,mn,Yahoo Finance fundamentals-timeseries (quarterly),https://query1.finance.yahoo.com/ws/fundamentals-timeseries/v1/finance/timeseries/2492.TW
2492.TW,FY2022,2022-12-31,r_and_d,1133.114,TWD,mn,Yahoo Finance fundamentals-timeseries (annual),https://query1.finance.yahoo.com/ws/fundamentals-timeseries/v1/finance/timeseries/2492.TW
2492.TW,FY2023,2023-12-31,r_and_d,1040.016,TWD,mn,Yahoo Finance fundamentals-timeseries (annual),https://query1.finance.yahoo.com/ws/fundamentals-timeseries/v1/finance/timeseries/2492.TW
2492.TW,FY2024,2024-12-31,r_and_d,1027.836,TWD,mn,Yahoo Finance fundamentals-timeseries (annual),https://query1.finance.yahoo.com/ws/fundamentals-timeseries/v1/finance/timeseries/2492.TW
2492.TW,Q:2025-03-31,2025-03-31,r_and_d,233.191,TWD,mn,Yahoo Finance fundamentals-timeseries (quarterly),https://query1.finance.yahoo.com/ws/fundamentals-timeseries/v1/finance/timeseries/2492.TW
2492.TW,Q:2025-06-30,2025-06-30,r_and_d,237.932,TWD,mn,Yahoo Finance fundamentals-timeseries (quarterly),https://query1.finance.yahoo.com/ws/fundamentals-timeseries/v1/finance/timeseries/2492.TW
2492.TW,FY2025,2025-12-31,r_and_d,986.344,TWD,mn,Yahoo Finance fundamentals-timeseries (annual),https://query1.finance.yahoo.com/ws/fundamentals-timeseries/v1/finance/timeseries/2492.TW
2492.TW,Q:2025-12-31,2025-12-31,r_and_d,275.173,TWD,mn,Yahoo Finance fundamentals-timeseries (quarterly),https://query1.finance.yahoo.com/ws/fundamentals-timeseries/v1/finance/timeseries/2492.TW
2492.TW,Q:2026-03-31,2026-03-31,r_and_d,235.558,TWD,mn,Yahoo Finance fundamentals-timeseries (quarterly),https://query1.finance.yahoo.com/ws/fundamentals-timeseries/v1/finance/timeseries/2492.TW
2492.TW,Q:2026-06-30,2026-06-30,r_and_d,249.035,TWD,mn,Yahoo Finance fundamentals-timeseries (quarterly),https://query1.finance.yahoo.com/ws/fundamentals-timeseries/v1/finance/timeseries/2492.TW
2492.TW,FY2022,2022-12-31,receivables,8559.823,TWD,mn,Yahoo Finance fundamentals-timeseries (annual),https://query1.finance.yahoo.com/ws/fundamentals-timeseries/v1/finance/timeseries/2492.TW
2492.TW,FY2023,2023-12-31,receivables,8792.023,TWD,mn,Yahoo Finance fundamentals-timeseries (annual),https://query1.finance.yahoo.com/ws/fundamentals-timeseries/v1/finance/timeseries/2492.TW
2492.TW,FY2024,2024-12-31,receivables,9735.296,TWD,mn,Yahoo Finance fundamentals-timeseries (annual),https://query1.finance.yahoo.com/ws/fundamentals-timeseries/v1/finance/timeseries/2492.TW
2492.TW,Q:2025-03-31,2025-03-31,receivables,9793.283,TWD,mn,Yahoo Finance fundamentals-timeseries (quarterly),https://query1.finance.yahoo.com/ws/fundamentals-timeseries/v1/finance/timeseries/2492.TW
2492.TW,Q:2025-06-30,2025-06-30,receivables,10095.324,TWD,mn,Yahoo Finance fundamentals-timeseries (quarterly),https://query1.finance.yahoo.com/ws/fundamentals-timeseries/v1/finance/timeseries/2492.TW
2492.TW,FY2025,2025-12-31,receivables,10117.795,TWD,mn,Yahoo Finance fundamentals-timeseries (annual),https://query1.finance.yahoo.com/ws/fundamentals-timeseries/v1/finance/timeseries/2492.TW
2492.TW,Q:2025-12-31,2025-12-31,receivables,10117.795,TWD,mn,Yahoo Finance fundamentals-timeseries (quarterly),https://query1.finance.yahoo.com/ws/fundamentals-timeseries/v1/finance/timeseries/2492.TW
2492.TW,Q:2026-03-31,2026-03-31,receivables,10764.676,TWD,mn,Yahoo Finance fundamentals-timeseries (quarterly),https://query1.finance.yahoo.com/ws/fundamentals-timeseries/v1/finance/timeseries/2492.TW
2492.TW,Q:2026-06-30,2026-06-30,receivables,12091.89,TWD,mn,Yahoo Finance fundamentals-timeseries (quarterly),https://query1.finance.yahoo.com/ws/fundamentals-timeseries/v1/finance/timeseries/2492.TW
2492.TW,FY2022,2022-12-31,revenue,35297.163,TWD,mn,Yahoo Finance fundamentals-timeseries (annual),https://query1.finance.yahoo.com/ws/fundamentals-timeseries/v1/finance/timeseries/2492.TW
2492.TW,FY2023,2023-12-31,revenue,32797.671,TWD,mn,Yahoo Finance fundamentals-timeseries (annual),https://query1.finance.yahoo.com/ws/fundamentals-timeseries/v1/finance/timeseries/2492.TW
2492.TW,FY2024,2024-12-31,revenue,34755.041,TWD,mn,Yahoo Finance fundamentals-timeseries (annual),https://query1.finance.yahoo.com/ws/fundamentals-timeseries/v1/finance/timeseries/2492.TW
2492.TW,Q:2025-03-31,2025-03-31,revenue,8740.014,TWD,mn,Yahoo Finance fundamentals-timeseries (quarterly),https://query1.finance.yahoo.com/ws/fundamentals-timeseries/v1/finance/timeseries/2492.TW
2492.TW,Q:2025-06-30,2025-06-30,revenue,9554.487,TWD,mn,Yahoo Finance fundamentals-timeseries (quarterly),https://query1.finance.yahoo.com/ws/fundamentals-timeseries/v1/finance/timeseries/2492.TW
2492.TW,FY2025,2025-12-31,revenue,36462.792,TWD,mn,Yahoo Finance fundamentals-timeseries (annual),https://query1.finance.yahoo.com/ws/fundamentals-timeseries/v1/finance/timeseries/2492.TW
2492.TW,Q:2025-12-31,2025-12-31,revenue,8754.899,TWD,mn,Yahoo Finance fundamentals-timeseries (quarterly),https://query1.finance.yahoo.com/ws/fundamentals-timeseries/v1/finance/timeseries/2492.TW
2492.TW,Q:2026-03-31,2026-03-31,revenue,9538.394,TWD,mn,Yahoo Finance fundamentals-timeseries (quarterly),https://query1.finance.yahoo.com/ws/fundamentals-timeseries/v1/finance/timeseries/2492.TW
2492.TW,Q:2026-06-30,2026-06-30,revenue,11310.273,TWD,mn,Yahoo Finance fundamentals-timeseries (quarterly),https://query1.finance.yahoo.com/ws/fundamentals-timeseries/v1/finance/timeseries/2492.TW
2492.TW,FY2022,2022-12-31,shares_diluted,507.74,TWD,mn,Yahoo Finance fundamentals-timeseries (annual),https://query1.finance.yahoo.com/ws/fundamentals-timeseries/v1/finance/timeseries/2492.TW
2492.TW,FY2023,2023-12-31,shares_diluted,493.199,TWD,mn,Yahoo Finance fundamentals-timeseries (annual),https://query1.finance.yahoo.com/ws/fundamentals-timeseries/v1/finance/timeseries/2492.TW
2492.TW,FY2024,2024-12-31,shares_diluted,493.199,TWD,mn,Yahoo Finance fundamentals-timeseries (annual),https://query1.finance.yahoo.com/ws/fundamentals-timeseries/v1/finance/timeseries/2492.TW
2492.TW,Q:2025-03-31,2025-03-31,shares_diluted,485.422,TWD,mn,Yahoo Finance fundamentals-timeseries (quarterly),https://query1.finance.yahoo.com/ws/fundamentals-timeseries/v1/finance/timeseries/2492.TW
2492.TW,Q:2025-06-30,2025-06-30,shares_diluted,484.8048,TWD,mn,Yahoo Finance fundamentals-timeseries (quarterly),https://query1.finance.yahoo.com/ws/fundamentals-timeseries/v1/finance/timeseries/2492.TW
2492.TW,FY2025,2025-12-31,shares_diluted,484.805,TWD,mn,Yahoo Finance fundamentals-timeseries (annual),https://query1.finance.yahoo.com/ws/fundamentals-timeseries/v1/finance/timeseries/2492.TW
2492.TW,Q:2026-03-31,2026-03-31,shares_diluted,485.249,TWD,mn,Yahoo Finance fundamentals-timeseries (quarterly),https://query1.finance.yahoo.com/ws/fundamentals-timeseries/v1/finance/timeseries/2492.TW
2492.TW,Q:2026-06-30,2026-06-30,shares_diluted,485.1065,TWD,mn,Yahoo Finance fundamentals-timeseries (quarterly),https://query1.finance.yahoo.com/ws/fundamentals-timeseries/v1/finance/timeseries/2492.TW
2492.TW,FY2022,2022-12-31,total_debt,26826.031,TWD,mn,Yahoo Finance fundamentals-timeseries (annual),https://query1.finance.yahoo.com/ws/fundamentals-timeseries/v1/finance/timeseries/2492.TW
2492.TW,FY2023,2023-12-31,total_debt,27344.295,TWD,mn,Yahoo Finance fundamentals-timeseries (annual),https://query1.finance.yahoo.com/ws/fundamentals-timeseries/v1/finance/timeseries/2492.TW
2492.TW,FY2024,2024-12-31,total_debt,30549.834,TWD,mn,Yahoo Finance fundamentals-timeseries (annual),https://query1.finance.yahoo.com/ws/fundamentals-timeseries/v1/finance/timeseries/2492.TW
2492.TW,Q:2025-03-31,2025-03-31,total_debt,31060.539,TWD,mn,Yahoo Finance fundamentals-timeseries (quarterly),https://query1.finance.yahoo.com/ws/fundamentals-timeseries/v1/finance/timeseries/2492.TW
2492.TW,Q:2025-06-30,2025-06-30,total_debt,31218.152,TWD,mn,Yahoo Finance fundamentals-timeseries (quarterly),https://query1.finance.yahoo.com/ws/fundamentals-timeseries/v1/finance/timeseries/2492.TW
2492.TW,FY2025,2025-12-31,total_debt,30438.492,TWD,mn,Yahoo Finance fundamentals-timeseries (annual),https://query1.finance.yahoo.com/ws/fundamentals-timeseries/v1/finance/timeseries/2492.TW
2492.TW,Q:2025-12-31,2025-12-31,total_debt,30438.492,TWD,mn,Yahoo Finance fundamentals-timeseries (quarterly),https://query1.finance.yahoo.com/ws/fundamentals-timeseries/v1/finance/timeseries/2492.TW
2492.TW,Q:2026-03-31,2026-03-31,total_debt,29073.744,TWD,mn,Yahoo Finance fundamentals-timeseries (quarterly),https://query1.finance.yahoo.com/ws/fundamentals-timeseries/v1/finance/timeseries/2492.TW
2492.TW,Q:2026-06-30,2026-06-30,total_debt,26867.131,TWD,mn,Yahoo Finance fundamentals-timeseries (quarterly),https://query1.finance.yahoo.com/ws/fundamentals-timeseries/v1/finance/timeseries/2492.TW
2492.TW,FY2022,2022-12-31,total_equity,44280.924,TWD,mn,Yahoo Finance fundamentals-timeseries (annual),https://query1.finance.yahoo.com/ws/fundamentals-timeseries/v1/finance/timeseries/2492.TW
2492.TW,FY2023,2023-12-31,total_equity,46579.645,TWD,mn,Yahoo Finance fundamentals-timeseries (annual),https://query1.finance.yahoo.com/ws/fundamentals-timeseries/v1/finance/timeseries/2492.TW
2492.TW,FY2024,2024-12-31,total_equity,48645.703,TWD,mn,Yahoo Finance fundamentals-timeseries (annual),https://query1.finance.yahoo.com/ws/fundamentals-timeseries/v1/finance/timeseries/2492.TW
2492.TW,Q:2025-03-31,2025-03-31,total_equity,49237.397,TWD,mn,Yahoo Finance fundamentals-timeseries (quarterly),https://query1.finance.yahoo.com/ws/fundamentals-timeseries/v1/finance/timeseries/2492.TW
2492.TW,Q:2025-06-30,2025-06-30,total_equity,43835.459,TWD,mn,Yahoo Finance fundamentals-timeseries (quarterly),https://query1.finance.yahoo.com/ws/fundamentals-timeseries/v1/finance/timeseries/2492.TW
2492.TW,FY2025,2025-12-31,total_equity,52037.53,TWD,mn,Yahoo Finance fundamentals-timeseries (annual),https://query1.finance.yahoo.com/ws/fundamentals-timeseries/v1/finance/timeseries/2492.TW
2492.TW,Q:2025-12-31,2025-12-31,total_equity,52037.53,TWD,mn,Yahoo Finance fundamentals-timeseries (quarterly),https://query1.finance.yahoo.com/ws/fundamentals-timeseries/v1/finance/timeseries/2492.TW
2492.TW,Q:2026-03-31,2026-03-31,total_equity,53478.628,TWD,mn,Yahoo Finance fundamentals-timeseries (quarterly),https://query1.finance.yahoo.com/ws/fundamentals-timeseries/v1/finance/timeseries/2492.TW
2492.TW,Q:2026-06-30,2026-06-30,total_equity,66438.082,TWD,mn,Yahoo Finance fundamentals-timeseries (quarterly),https://query1.finance.yahoo.com/ws/fundamentals-timeseries/v1/finance/timeseries/2492.TW
6762.T,FY2022,2023-03-31,capex,-275709.0,JPY,mn,Yahoo Finance fundamentals-timeseries (annual),https://query1.finance.yahoo.com/ws/fundamentals-timeseries/v1/finance/timeseries/6762.T
6762.T,FY2023,2024-03-31,capex,-218589.0,JPY,mn,Yahoo Finance fundamentals-timeseries (annual),https://query1.finance.yahoo.com/ws/fundamentals-timeseries/v1/finance/timeseries/6762.T
6762.T,FY2024,2025-03-31,capex,-225290.0,JPY,mn,Yahoo Finance fundamentals-timeseries (annual),https://query1.finance.yahoo.com/ws/fundamentals-timeseries/v1/finance/timeseries/6762.T
6762.T,FY2025,2026-03-31,capex,-298591.0,JPY,mn,Yahoo Finance fundamentals-timeseries (annual),https://query1.finance.yahoo.com/ws/fundamentals-timeseries/v1/finance/timeseries/6762.T
6762.T,FY2022,2023-03-31,cash,558332.0,JPY,mn,Yahoo Finance fundamentals-timeseries (annual),https://query1.finance.yahoo.com/ws/fundamentals-timeseries/v1/finance/timeseries/6762.T
6762.T,FY2023,2024-03-31,cash,697050.0,JPY,mn,Yahoo Finance fundamentals-timeseries (annual),https://query1.finance.yahoo.com/ws/fundamentals-timeseries/v1/finance/timeseries/6762.T
6762.T,FY2024,2025-03-31,cash,774611.0,JPY,mn,Yahoo Finance fundamentals-timeseries (annual),https://query1.finance.yahoo.com/ws/fundamentals-timeseries/v1/finance/timeseries/6762.T
6762.T,Q:2025-03-31,2025-03-31,cash,774611.0,JPY,mn,Yahoo Finance fundamentals-timeseries (quarterly),https://query1.finance.yahoo.com/ws/fundamentals-timeseries/v1/finance/timeseries/6762.T
6762.T,Q:2025-09-30,2025-09-30,cash,874156.0,JPY,mn,Yahoo Finance fundamentals-timeseries (quarterly),https://query1.finance.yahoo.com/ws/fundamentals-timeseries/v1/finance/timeseries/6762.T
6762.T,FY2025,2026-03-31,cash,1002362.0,JPY,mn,Yahoo Finance fundamentals-timeseries (annual),https://query1.finance.yahoo.com/ws/fundamentals-timeseries/v1/finance/timeseries/6762.T
6762.T,Q:2026-03-31,2026-03-31,cash,1002362.0,JPY,mn,Yahoo Finance fundamentals-timeseries (quarterly),https://query1.finance.yahoo.com/ws/fundamentals-timeseries/v1/finance/timeseries/6762.T
6762.T,FY2022,2023-03-31,d_and_a,206285.0,JPY,mn,Yahoo Finance fundamentals-timeseries (annual),https://query1.finance.yahoo.com/ws/fundamentals-timeseries/v1/finance/timeseries/6762.T
6762.T,FY2023,2024-03-31,d_and_a,190546.0,JPY,mn,Yahoo Finance fundamentals-timeseries (annual),https://query1.finance.yahoo.com/ws/fundamentals-timeseries/v1/finance/timeseries/6762.T
6762.T,FY2024,2025-03-31,d_and_a,196228.0,JPY,mn,Yahoo Finance fundamentals-timeseries (annual),https://query1.finance.yahoo.com/ws/fundamentals-timeseries/v1/finance/timeseries/6762.T
6762.T,FY2025,2026-03-31,d_and_a,204192.0,JPY,mn,Yahoo Finance fundamentals-timeseries (annual),https://query1.finance.yahoo.com/ws/fundamentals-timeseries/v1/finance/timeseries/6762.T
6762.T,FY2022,2023-03-31,dividends_paid_total,-37198.0,JPY,mn,Yahoo Finance fundamentals-timeseries (annual),https://query1.finance.yahoo.com/ws/fundamentals-timeseries/v1/finance/timeseries/6762.T
6762.T,FY2023,2024-03-31,dividends_paid_total,-42152.0,JPY,mn,Yahoo Finance fundamentals-timeseries (annual),https://query1.finance.yahoo.com/ws/fundamentals-timeseries/v1/finance/timeseries/6762.T
6762.T,FY2024,2025-03-31,dividends_paid_total,-48536.0,JPY,mn,Yahoo Finance fundamentals-timeseries (annual),https://query1.finance.yahoo.com/ws/fundamentals-timeseries/v1/finance/timeseries/6762.T
6762.T,FY2025,2026-03-31,dividends_paid_total,-60736.0,JPY,mn,Yahoo Finance fundamentals-timeseries (annual),https://query1.finance.yahoo.com/ws/fundamentals-timeseries/v1/finance/timeseries/6762.T
6762.T,FY2022,2023-03-31,ebitda,394276.0,JPY,mn,Yahoo Finance fundamentals-timeseries (annual),https://query1.finance.yahoo.com/ws/fundamentals-timeseries/v1/finance/timeseries/6762.T
6762.T,FY2023,2024-03-31,ebitda,400011.0,JPY,mn,Yahoo Finance fundamentals-timeseries (annual),https://query1.finance.yahoo.com/ws/fundamentals-timeseries/v1/finance/timeseries/6762.T
6762.T,FY2024,2025-03-31,ebitda,447401.0,JPY,mn,Yahoo Finance fundamentals-timeseries (annual),https://query1.finance.yahoo.com/ws/fundamentals-timeseries/v1/finance/timeseries/6762.T
6762.T,FY2025,2026-03-31,ebitda,513712.0,JPY,mn,Yahoo Finance fundamentals-timeseries (annual),https://query1.finance.yahoo.com/ws/fundamentals-timeseries/v1/finance/timeseries/6762.T
6762.T,FY2022,2023-03-31,eps_diluted,60.128,JPY,per_share,Yahoo Finance fundamentals-timeseries (annual),https://query1.finance.yahoo.com/ws/fundamentals-timeseries/v1/finance/timeseries/6762.T
6762.T,FY2023,2024-03-31,eps_diluted,65.638,JPY,per_share,Yahoo Finance fundamentals-timeseries (annual),https://query1.finance.yahoo.com/ws/fundamentals-timeseries/v1/finance/timeseries/6762.T
6762.T,FY2024,2025-03-31,eps_diluted,87.98,JPY,per_share,Yahoo Finance fundamentals-timeseries (annual),https://query1.finance.yahoo.com/ws/fundamentals-timeseries/v1/finance/timeseries/6762.T
6762.T,Q:2025-06-30,2025-06-30,eps_diluted,21.82,JPY,per_share,Yahoo Finance fundamentals-timeseries (quarterly),https://query1.finance.yahoo.com/ws/fundamentals-timeseries/v1/finance/timeseries/6762.T
6762.T,Q:2025-09-30,2025-09-30,eps_diluted,36.8524,JPY,per_share,Yahoo Finance fundamentals-timeseries (quarterly),https://query1.finance.yahoo.com/ws/fundamentals-timeseries/v1/finance/timeseries/6762.T
6762.T,Q:2025-12-31,2025-12-31,eps_diluted,95.36,JPY,per_share,Yahoo Finance fundamentals-timeseries (quarterly),https://query1.finance.yahoo.com/ws/fundamentals-timeseries/v1/finance/timeseries/6762.T
6762.T,FY2025,2026-03-31,eps_diluted,102.97,JPY,per_share,Yahoo Finance fundamentals-timeseries (annual),https://query1.finance.yahoo.com/ws/fundamentals-timeseries/v1/finance/timeseries/6762.T
6762.T,Q:2026-06-30,2026-06-30,eps_diluted,42.4,JPY,per_share,Yahoo Finance fundamentals-timeseries (quarterly),https://query1.finance.yahoo.com/ws/fundamentals-timeseries/v1/finance/timeseries/6762.T
6762.T,FY2022,2023-03-31,free_cash_flow,-12937.0,JPY,mn,Yahoo Finance fundamentals-timeseries (annual),https://query1.finance.yahoo.com/ws/fundamentals-timeseries/v1/finance/timeseries/6762.T
6762.T,FY2023,2024-03-31,free_cash_flow,228418.0,JPY,mn,Yahoo Finance fundamentals-timeseries (annual),https://query1.finance.yahoo.com/ws/fundamentals-timeseries/v1/finance/timeseries/6762.T
6762.T,FY2024,2025-03-31,free_cash_flow,220549.0,JPY,mn,Yahoo Finance fundamentals-timeseries (annual),https://query1.finance.yahoo.com/ws/fundamentals-timeseries/v1/finance/timeseries/6762.T
6762.T,FY2025,2026-03-31,free_cash_flow,209081.0,JPY,mn,Yahoo Finance fundamentals-timeseries (annual),https://query1.finance.yahoo.com/ws/fundamentals-timeseries/v1/finance/timeseries/6762.T
6762.T,FY2022,2023-03-31,gross_profit,584522.0,JPY,mn,Yahoo Finance fundamentals-timeseries (annual),https://query1.finance.yahoo.com/ws/fundamentals-timeseries/v1/finance/timeseries/6762.T
6762.T,FY2023,2024-03-31,gross_profit,603018.0,JPY,mn,Yahoo Finance fundamentals-timeseries (annual),https://query1.finance.yahoo.com/ws/fundamentals-timeseries/v1/finance/timeseries/6762.T
6762.T,FY2024,2025-03-31,gross_profit,688042.0,JPY,mn,Yahoo Finance fundamentals-timeseries (annual),https://query1.finance.yahoo.com/ws/fundamentals-timeseries/v1/finance/timeseries/6762.T
6762.T,FY2025,2026-03-31,gross_profit,783404.0,JPY,mn,Yahoo Finance fundamentals-timeseries (annual),https://query1.finance.yahoo.com/ws/fundamentals-timeseries/v1/finance/timeseries/6762.T
6762.T,FY2022,2023-03-31,inventory,443001.0,JPY,mn,Yahoo Finance fundamentals-timeseries (annual),https://query1.finance.yahoo.com/ws/fundamentals-timeseries/v1/finance/timeseries/6762.T
6762.T,FY2023,2024-03-31,inventory,406084.0,JPY,mn,Yahoo Finance fundamentals-timeseries (annual),https://query1.finance.yahoo.com/ws/fundamentals-timeseries/v1/finance/timeseries/6762.T
6762.T,FY2024,2025-03-31,inventory,410038.0,JPY,mn,Yahoo Finance fundamentals-timeseries (annual),https://query1.finance.yahoo.com/ws/fundamentals-timeseries/v1/finance/timeseries/6762.T
6762.T,Q:2025-03-31,2025-03-31,inventory,410038.0,JPY,mn,Yahoo Finance fundamentals-timeseries (quarterly),https://query1.finance.yahoo.com/ws/fundamentals-timeseries/v1/finance/timeseries/6762.T
6762.T,Q:2025-09-30,2025-09-30,inventory,475599.0,JPY,mn,Yahoo Finance fundamentals-timeseries (quarterly),https://query1.finance.yahoo.com/ws/fundamentals-timeseries/v1/finance/timeseries/6762.T
6762.T,FY2025,2026-03-31,inventory,585448.0,JPY,mn,Yahoo Finance fundamentals-timeseries (annual),https://query1.finance.yahoo.com/ws/fundamentals-timeseries/v1/finance/timeseries/6762.T
6762.T,Q:2026-03-31,2026-03-31,inventory,585448.0,JPY,mn,Yahoo Finance fundamentals-timeseries (quarterly),https://query1.finance.yahoo.com/ws/fundamentals-timeseries/v1/finance/timeseries/6762.T
6762.T,FY2022,2023-03-31,net_income,114187.0,JPY,mn,Yahoo Finance fundamentals-timeseries (annual),https://query1.finance.yahoo.com/ws/fundamentals-timeseries/v1/finance/timeseries/6762.T
6762.T,FY2023,2024-03-31,net_income,124687.0,JPY,mn,Yahoo Finance fundamentals-timeseries (annual),https://query1.finance.yahoo.com/ws/fundamentals-timeseries/v1/finance/timeseries/6762.T
6762.T,FY2024,2025-03-31,net_income,167161.0,JPY,mn,Yahoo Finance fundamentals-timeseries (annual),https://query1.finance.yahoo.com/ws/fundamentals-timeseries/v1/finance/timeseries/6762.T
6762.T,FY2025,2026-03-31,net_income,195663.0,JPY,mn,Yahoo Finance fundamentals-timeseries (annual),https://query1.finance.yahoo.com/ws/fundamentals-timeseries/v1/finance/timeseries/6762.T
6762.T,FY2022,2023-03-31,operating_cash_flow,262772.0,JPY,mn,Yahoo Finance fundamentals-timeseries (annual),https://query1.finance.yahoo.com/ws/fundamentals-timeseries/v1/finance/timeseries/6762.T
6762.T,FY2023,2024-03-31,operating_cash_flow,447007.0,JPY,mn,Yahoo Finance fundamentals-timeseries (annual),https://query1.finance.yahoo.com/ws/fundamentals-timeseries/v1/finance/timeseries/6762.T
6762.T,FY2024,2025-03-31,operating_cash_flow,445839.0,JPY,mn,Yahoo Finance fundamentals-timeseries (annual),https://query1.finance.yahoo.com/ws/fundamentals-timeseries/v1/finance/timeseries/6762.T
6762.T,FY2025,2026-03-31,operating_cash_flow,507672.0,JPY,mn,Yahoo Finance fundamentals-timeseries (annual),https://query1.finance.yahoo.com/ws/fundamentals-timeseries/v1/finance/timeseries/6762.T
6762.T,FY2022,2023-03-31,operating_income,168827.0,JPY,mn,Yahoo Finance fundamentals-timeseries (annual),https://query1.finance.yahoo.com/ws/fundamentals-timeseries/v1/finance/timeseries/6762.T
6762.T,FY2023,2024-03-31,operating_income,172893.0,JPY,mn,Yahoo Finance fundamentals-timeseries (annual),https://query1.finance.yahoo.com/ws/fundamentals-timeseries/v1/finance/timeseries/6762.T
6762.T,FY2024,2025-03-31,operating_income,224192.0,JPY,mn,Yahoo Finance fundamentals-timeseries (annual),https://query1.finance.yahoo.com/ws/fundamentals-timeseries/v1/finance/timeseries/6762.T
6762.T,FY2025,2026-03-31,operating_income,272414.0,JPY,mn,Yahoo Finance fundamentals-timeseries (annual),https://query1.finance.yahoo.com/ws/fundamentals-timeseries/v1/finance/timeseries/6762.T
6762.T,FY2022,2023-03-31,receivables,546381.0,JPY,mn,Yahoo Finance fundamentals-timeseries (annual),https://query1.finance.yahoo.com/ws/fundamentals-timeseries/v1/finance/timeseries/6762.T
6762.T,FY2023,2024-03-31,receivables,558298.0,JPY,mn,Yahoo Finance fundamentals-timeseries (annual),https://query1.finance.yahoo.com/ws/fundamentals-timeseries/v1/finance/timeseries/6762.T
6762.T,FY2024,2025-03-31,receivables,583133.0,JPY,mn,Yahoo Finance fundamentals-timeseries (annual),https://query1.finance.yahoo.com/ws/fundamentals-timeseries/v1/finance/timeseries/6762.T
6762.T,Q:2025-03-31,2025-03-31,receivables,583133.0,JPY,mn,Yahoo Finance fundamentals-timeseries (quarterly),https://query1.finance.yahoo.com/ws/fundamentals-timeseries/v1/finance/timeseries/6762.T
6762.T,Q:2025-09-30,2025-09-30,receivables,728370.0,JPY,mn,Yahoo Finance fundamentals-timeseries (quarterly),https://query1.finance.yahoo.com/ws/fundamentals-timeseries/v1/finance/timeseries/6762.T
6762.T,FY2025,2026-03-31,receivables,780580.0,JPY,mn,Yahoo Finance fundamentals-timeseries (annual),https://query1.finance.yahoo.com/ws/fundamentals-timeseries/v1/finance/timeseries/6762.T
6762.T,Q:2026-03-31,2026-03-31,receivables,780580.0,JPY,mn,Yahoo Finance fundamentals-timeseries (quarterly),https://query1.finance.yahoo.com/ws/fundamentals-timeseries/v1/finance/timeseries/6762.T
6762.T,FY2022,2023-03-31,revenue,2180817.0,JPY,mn,Yahoo Finance fundamentals-timeseries (annual),https://query1.finance.yahoo.com/ws/fundamentals-timeseries/v1/finance/timeseries/6762.T
6762.T,FY2023,2024-03-31,revenue,2103876.0,JPY,mn,Yahoo Finance fundamentals-timeseries (annual),https://query1.finance.yahoo.com/ws/fundamentals-timeseries/v1/finance/timeseries/6762.T
6762.T,FY2024,2025-03-31,revenue,2204806.0,JPY,mn,Yahoo Finance fundamentals-timeseries (annual),https://query1.finance.yahoo.com/ws/fundamentals-timeseries/v1/finance/timeseries/6762.T
6762.T,FY2025,2026-03-31,revenue,2504820.0,JPY,mn,Yahoo Finance fundamentals-timeseries (annual),https://query1.finance.yahoo.com/ws/fundamentals-timeseries/v1/finance/timeseries/6762.T
6762.T,FY2016,2017-03-31,segment_capacitors_revenue,136790,JPY,mn,Fiscal.ai company_segments_and_kpis (annual),https://fiscal.ai
6762.T,FY2017,2018-03-31,segment_capacitors_revenue,156990,JPY,mn,Fiscal.ai company_segments_and_kpis (annual),https://fiscal.ai
6762.T,FY2018,2019-03-31,segment_capacitors_revenue,173331,JPY,mn,Fiscal.ai company_segments_and_kpis (annual),https://fiscal.ai
6762.T,FY2019,2020-03-31,segment_capacitors_revenue,153882,JPY,mn,Fiscal.ai company_segments_and_kpis (annual),https://fiscal.ai
6762.T,FY2020,2021-03-31,segment_capacitors_revenue,158182,JPY,mn,Fiscal.ai company_segments_and_kpis (annual),https://fiscal.ai
6762.T,FY2021,2022-03-31,segment_capacitors_revenue,198145,JPY,mn,Fiscal.ai company_segments_and_kpis (annual),https://fiscal.ai
6762.T,FY2022,2023-03-31,segment_capacitors_revenue,242513,JPY,mn,Fiscal.ai company_segments_and_kpis (annual),https://fiscal.ai
6762.T,FY2023,2024-03-31,segment_capacitors_revenue,245047,JPY,mn,Fiscal.ai company_segments_and_kpis (annual),https://fiscal.ai
6762.T,FY2024,2025-03-31,segment_capacitors_revenue,234260,JPY,mn,Fiscal.ai company_segments_and_kpis (annual),https://fiscal.ai
6762.T,FY2025,2026-03-31,segment_capacitors_revenue,257472,JPY,mn,Fiscal.ai company_segments_and_kpis (annual),https://fiscal.ai
6762.T,FY2016,2017-03-31,segment_passive_components_profit,200320,JPY,mn,Fiscal.ai company_segments_and_kpis (annual),https://fiscal.ai
6762.T,FY2017,2018-03-31,segment_passive_components_profit,50246,JPY,mn,Fiscal.ai company_segments_and_kpis (annual),https://fiscal.ai
6762.T,FY2018,2019-03-31,segment_passive_components_profit,58438,JPY,mn,Fiscal.ai company_segments_and_kpis (annual),https://fiscal.ai
6762.T,FY2019,2020-03-31,segment_passive_components_profit,39072,JPY,mn,Fiscal.ai company_segments_and_kpis (annual),https://fiscal.ai
6762.T,FY2020,2021-03-31,segment_passive_components_profit,40080,JPY,mn,Fiscal.ai company_segments_and_kpis (annual),https://fiscal.ai
6762.T,FY2021,2022-03-31,segment_passive_components_profit,76804,JPY,mn,Fiscal.ai company_segments_and_kpis (annual),https://fiscal.ai
6762.T,FY2022,2023-03-31,segment_passive_components_profit,94606,JPY,mn,Fiscal.ai company_segments_and_kpis (annual),https://fiscal.ai
6762.T,FY2023,2024-03-31,segment_passive_components_profit,53886,JPY,mn,Fiscal.ai company_segments_and_kpis (annual),https://fiscal.ai
6762.T,FY2024,2025-03-31,segment_passive_components_profit,34072,JPY,mn,Fiscal.ai company_segments_and_kpis (annual),https://fiscal.ai
6762.T,FY2025,2026-03-31,segment_passive_components_profit,41831,JPY,mn,Fiscal.ai company_segments_and_kpis (annual),https://fiscal.ai
6762.T,FY2016,2017-03-31,segment_passive_components_revenue,528225,JPY,mn,Fiscal.ai company_segments_and_kpis (annual),https://fiscal.ai
6762.T,FY2017,2018-03-31,segment_passive_components_revenue,417757,JPY,mn,Fiscal.ai company_segments_and_kpis (annual),https://fiscal.ai
6762.T,FY2018,2019-03-31,segment_passive_components_revenue,433406,JPY,mn,Fiscal.ai company_segments_and_kpis (annual),https://fiscal.ai
6762.T,FY2019,2020-03-31,segment_passive_components_revenue,395456,JPY,mn,Fiscal.ai company_segments_and_kpis (annual),https://fiscal.ai
6762.T,FY2020,2021-03-31,segment_passive_components_revenue,407126,JPY,mn,Fiscal.ai company_segments_and_kpis (annual),https://fiscal.ai
6762.T,FY2021,2022-03-31,segment_passive_components_revenue,507826,JPY,mn,Fiscal.ai company_segments_and_kpis (annual),https://fiscal.ai
6762.T,FY2022,2023-03-31,segment_passive_components_revenue,578759,JPY,mn,Fiscal.ai company_segments_and_kpis (annual),https://fiscal.ai
6762.T,FY2023,2024-03-31,segment_passive_components_revenue,565649,JPY,mn,Fiscal.ai company_segments_and_kpis (annual),https://fiscal.ai
6762.T,FY2024,2025-03-31,segment_passive_components_revenue,559639,JPY,mn,Fiscal.ai company_segments_and_kpis (annual),https://fiscal.ai
6762.T,FY2025,2026-03-31,segment_passive_components_revenue,593201,JPY,mn,Fiscal.ai company_segments_and_kpis (annual),https://fiscal.ai
6762.T,FY2022,2023-03-31,shares_diluted,1899.08,JPY,mn,Yahoo Finance fundamentals-timeseries (annual),https://query1.finance.yahoo.com/ws/fundamentals-timeseries/v1/finance/timeseries/6762.T
6762.T,FY2023,2024-03-31,shares_diluted,1899.6161,JPY,mn,Yahoo Finance fundamentals-timeseries (annual),https://query1.finance.yahoo.com/ws/fundamentals-timeseries/v1/finance/timeseries/6762.T
6762.T,FY2024,2025-03-31,shares_diluted,1899.9886,JPY,mn,Yahoo Finance fundamentals-timeseries (annual),https://query1.finance.yahoo.com/ws/fundamentals-timeseries/v1/finance/timeseries/6762.T
6762.T,Q:2025-06-30,2025-06-30,shares_diluted,1900.1833,JPY,mn,Yahoo Finance fundamentals-timeseries (quarterly),https://query1.finance.yahoo.com/ws/fundamentals-timeseries/v1/finance/timeseries/6762.T
6762.T,Q:2025-09-30,2025-09-30,shares_diluted,1897.9512,JPY,mn,Yahoo Finance fundamentals-timeseries (quarterly),https://query1.finance.yahoo.com/ws/fundamentals-timeseries/v1/finance/timeseries/6762.T
6762.T,Q:2025-12-31,2025-12-31,shares_diluted,1898.1406,JPY,mn,Yahoo Finance fundamentals-timeseries (quarterly),https://query1.finance.yahoo.com/ws/fundamentals-timeseries/v1/finance/timeseries/6762.T
6762.T,FY2025,2026-03-31,shares_diluted,1900.1942,JPY,mn,Yahoo Finance fundamentals-timeseries (annual),https://query1.finance.yahoo.com/ws/fundamentals-timeseries/v1/finance/timeseries/6762.T
6762.T,Q:2026-06-30,2026-06-30,shares_diluted,1900.4953,JPY,mn,Yahoo Finance fundamentals-timeseries (quarterly),https://query1.finance.yahoo.com/ws/fundamentals-timeseries/v1/finance/timeseries/6762.T
6762.T,FY2022,2023-03-31,total_debt,752158.0,JPY,mn,Yahoo Finance fundamentals-timeseries (annual),https://query1.finance.yahoo.com/ws/fundamentals-timeseries/v1/finance/timeseries/6762.T
6762.T,FY2023,2024-03-31,total_debt,685736.0,JPY,mn,Yahoo Finance fundamentals-timeseries (annual),https://query1.finance.yahoo.com/ws/fundamentals-timeseries/v1/finance/timeseries/6762.T
6762.T,FY2024,2025-03-31,total_debt,608400.0,JPY,mn,Yahoo Finance fundamentals-timeseries (annual),https://query1.finance.yahoo.com/ws/fundamentals-timeseries/v1/finance/timeseries/6762.T
6762.T,Q:2025-03-31,2025-03-31,total_debt,608400.0,JPY,mn,Yahoo Finance fundamentals-timeseries (quarterly),https://query1.finance.yahoo.com/ws/fundamentals-timeseries/v1/finance/timeseries/6762.T
6762.T,Q:2025-09-30,2025-09-30,total_debt,670312.0,JPY,mn,Yahoo Finance fundamentals-timeseries (quarterly),https://query1.finance.yahoo.com/ws/fundamentals-timeseries/v1/finance/timeseries/6762.T
6762.T,FY2025,2026-03-31,total_debt,615970.0,JPY,mn,Yahoo Finance fundamentals-timeseries (annual),https://query1.finance.yahoo.com/ws/fundamentals-timeseries/v1/finance/timeseries/6762.T
6762.T,Q:2026-03-31,2026-03-31,total_debt,615970.0,JPY,mn,Yahoo Finance fundamentals-timeseries (quarterly),https://query1.finance.yahoo.com/ws/fundamentals-timeseries/v1/finance/timeseries/6762.T
6762.T,FY2022,2023-03-31,total_equity,1458446.0,JPY,mn,Yahoo Finance fundamentals-timeseries (annual),https://query1.finance.yahoo.com/ws/fundamentals-timeseries/v1/finance/timeseries/6762.T
6762.T,FY2023,2024-03-31,total_equity,1707332.0,JPY,mn,Yahoo Finance fundamentals-timeseries (annual),https://query1.finance.yahoo.com/ws/fundamentals-timeseries/v1/finance/timeseries/6762.T
6762.T,FY2024,2025-03-31,total_equity,1800070.0,JPY,mn,Yahoo Finance fundamentals-timeseries (annual),https://query1.finance.yahoo.com/ws/fundamentals-timeseries/v1/finance/timeseries/6762.T
6762.T,Q:2025-03-31,2025-03-31,total_equity,1800070.0,JPY,mn,Yahoo Finance fundamentals-timeseries (quarterly),https://query1.finance.yahoo.com/ws/fundamentals-timeseries/v1/finance/timeseries/6762.T
6762.T,Q:2025-09-30,2025-09-30,total_equity,1913041.0,JPY,mn,Yahoo Finance fundamentals-timeseries (quarterly),https://query1.finance.yahoo.com/ws/fundamentals-timeseries/v1/finance/timeseries/6762.T
6762.T,FY2025,2026-03-31,total_equity,2187234.0,JPY,mn,Yahoo Finance fundamentals-timeseries (annual),https://query1.finance.yahoo.com/ws/fundamentals-timeseries/v1/finance/timeseries/6762.T
6762.T,Q:2026-03-31,2026-03-31,total_equity,2187234.0,JPY,mn,Yahoo Finance fundamentals-timeseries (quarterly),https://query1.finance.yahoo.com/ws/fundamentals-timeseries/v1/finance/timeseries/6762.T
6971.T,FY2022,2023-03-31,capex,-186643.0,JPY,mn,Yahoo Finance fundamentals-timeseries (annual),https://query1.finance.yahoo.com/ws/fundamentals-timeseries/v1/finance/timeseries/6971.T
6971.T,FY2023,2024-03-31,capex,-159739.0,JPY,mn,Yahoo Finance fundamentals-timeseries (annual),https://query1.finance.yahoo.com/ws/fundamentals-timeseries/v1/finance/timeseries/6971.T
6971.T,FY2024,2025-03-31,capex,-167844.0,JPY,mn,Yahoo Finance fundamentals-timeseries (annual),https://query1.finance.yahoo.com/ws/fundamentals-timeseries/v1/finance/timeseries/6971.T
6971.T,FY2025,2026-03-31,capex,-173046.0,JPY,mn,Yahoo Finance fundamentals-timeseries (annual),https://query1.finance.yahoo.com/ws/fundamentals-timeseries/v1/finance/timeseries/6971.T
6971.T,FY2022,2023-03-31,cash,396902.0,JPY,mn,Yahoo Finance fundamentals-timeseries (annual),https://query1.finance.yahoo.com/ws/fundamentals-timeseries/v1/finance/timeseries/6971.T
6971.T,FY2023,2024-03-31,cash,460333.0,JPY,mn,Yahoo Finance fundamentals-timeseries (annual),https://query1.finance.yahoo.com/ws/fundamentals-timeseries/v1/finance/timeseries/6971.T
6971.T,FY2024,2025-03-31,cash,473387.0,JPY,mn,Yahoo Finance fundamentals-timeseries (annual),https://query1.finance.yahoo.com/ws/fundamentals-timeseries/v1/finance/timeseries/6971.T
6971.T,Q:2025-03-31,2025-03-31,cash,473387.0,JPY,mn,Yahoo Finance fundamentals-timeseries (quarterly),https://query1.finance.yahoo.com/ws/fundamentals-timeseries/v1/finance/timeseries/6971.T
6971.T,Q:2025-09-30,2025-09-30,cash,629561.0,JPY,mn,Yahoo Finance fundamentals-timeseries (quarterly),https://query1.finance.yahoo.com/ws/fundamentals-timeseries/v1/finance/timeseries/6971.T
6971.T,FY2025,2026-03-31,cash,490323.0,JPY,mn,Yahoo Finance fundamentals-timeseries (annual),https://query1.finance.yahoo.com/ws/fundamentals-timeseries/v1/finance/timeseries/6971.T
6971.T,Q:2026-03-31,2026-03-31,cash,490323.0,JPY,mn,Yahoo Finance fundamentals-timeseries (quarterly),https://query1.finance.yahoo.com/ws/fundamentals-timeseries/v1/finance/timeseries/6971.T
6971.T,FY2022,2023-03-31,d_and_a,149603.0,JPY,mn,Yahoo Finance fundamentals-timeseries (annual),https://query1.finance.yahoo.com/ws/fundamentals-timeseries/v1/finance/timeseries/6971.T
6971.T,FY2023,2024-03-31,d_and_a,156950.0,JPY,mn,Yahoo Finance fundamentals-timeseries (annual),https://query1.finance.yahoo.com/ws/fundamentals-timeseries/v1/finance/timeseries/6971.T
6971.T,FY2024,2025-03-31,d_and_a,160927.0,JPY,mn,Yahoo Finance fundamentals-timeseries (annual),https://query1.finance.yahoo.com/ws/fundamentals-timeseries/v1/finance/timeseries/6971.T
6971.T,FY2025,2026-03-31,d_and_a,158189.0,JPY,mn,Yahoo Finance fundamentals-timeseries (annual),https://query1.finance.yahoo.com/ws/fundamentals-timeseries/v1/finance/timeseries/6971.T
6971.T,FY2022,2023-03-31,dividends_paid_total,-70117.0,JPY,mn,Yahoo Finance fundamentals-timeseries (annual),https://query1.finance.yahoo.com/ws/fundamentals-timeseries/v1/finance/timeseries/6971.T
6971.T,FY2023,2024-03-31,dividends_paid_total,-74704.0,JPY,mn,Yahoo Finance fundamentals-timeseries (annual),https://query1.finance.yahoo.com/ws/fundamentals-timeseries/v1/finance/timeseries/6971.T
6971.T,FY2024,2025-03-31,dividends_paid_total,-73311.0,JPY,mn,Yahoo Finance fundamentals-timeseries (annual),https://query1.finance.yahoo.com/ws/fundamentals-timeseries/v1/finance/timeseries/6971.T
6971.T,FY2025,2026-03-31,dividends_paid_total,-72173.0,JPY,mn,Yahoo Finance fundamentals-timeseries (annual),https://query1.finance.yahoo.com/ws/fundamentals-timeseries/v1/finance/timeseries/6971.T
6971.T,FY2022,2023-03-31,ebitda,334040.0,JPY,mn,Yahoo Finance fundamentals-timeseries (annual),https://query1.finance.yahoo.com/ws/fundamentals-timeseries/v1/finance/timeseries/6971.T
6971.T,FY2023,2024-03-31,ebitda,311929.0,JPY,mn,Yahoo Finance fundamentals-timeseries (annual),https://query1.finance.yahoo.com/ws/fundamentals-timeseries/v1/finance/timeseries/6971.T
6971.T,FY2024,2025-03-31,ebitda,252211.0,JPY,mn,Yahoo Finance fundamentals-timeseries (annual),https://query1.finance.yahoo.com/ws/fundamentals-timeseries/v1/finance/timeseries/6971.T
6971.T,FY2025,2026-03-31,ebitda,341085.0,JPY,mn,Yahoo Finance fundamentals-timeseries (annual),https://query1.finance.yahoo.com/ws/fundamentals-timeseries/v1/finance/timeseries/6971.T
6971.T,FY2021,2022-03-31,eps_diluted,102.7875,JPY,per_share,Yahoo Finance fundamentals-timeseries (annual),https://query1.finance.yahoo.com/ws/fundamentals-timeseries/v1/finance/timeseries/6971.T
6971.T,FY2022,2023-03-31,eps_diluted,89.15,JPY,per_share,Yahoo Finance fundamentals-timeseries (annual),https://query1.finance.yahoo.com/ws/fundamentals-timeseries/v1/finance/timeseries/6971.T
6971.T,FY2023,2024-03-31,eps_diluted,71.58,JPY,per_share,Yahoo Finance fundamentals-timeseries (annual),https://query1.finance.yahoo.com/ws/fundamentals-timeseries/v1/finance/timeseries/6971.T
6971.T,Q:2025-06-30,2025-06-30,eps_diluted,26.37,JPY,per_share,Yahoo Finance fundamentals-timeseries (quarterly),https://query1.finance.yahoo.com/ws/fundamentals-timeseries/v1/finance/timeseries/6971.T
6971.T,FY2025,2026-03-31,eps_diluted,102.7,JPY,per_share,Yahoo Finance fundamentals-timeseries (annual),https://query1.finance.yahoo.com/ws/fundamentals-timeseries/v1/finance/timeseries/6971.T
6971.T,FY2022,2023-03-31,free_cash_flow,-7431.0,JPY,mn,Yahoo Finance fundamentals-timeseries (annual),https://query1.finance.yahoo.com/ws/fundamentals-timeseries/v1/finance/timeseries/6971.T
6971.T,FY2023,2024-03-31,free_cash_flow,109330.0,JPY,mn,Yahoo Finance fundamentals-timeseries (annual),https://query1.finance.yahoo.com/ws/fundamentals-timeseries/v1/finance/timeseries/6971.T
6971.T,FY2024,2025-03-31,free_cash_flow,70074.0,JPY,mn,Yahoo Finance fundamentals-timeseries (annual),https://query1.finance.yahoo.com/ws/fundamentals-timeseries/v1/finance/timeseries/6971.T
6971.T,FY2025,2026-03-31,free_cash_flow,53189.0,JPY,mn,Yahoo Finance fundamentals-timeseries (annual),https://query1.finance.yahoo.com/ws/fundamentals-timeseries/v1/finance/timeseries/6971.T
6971.T,FY2022,2023-03-31,gross_profit,564944.0,JPY,mn,Yahoo Finance fundamentals-timeseries (annual),https://query1.finance.yahoo.com/ws/fundamentals-timeseries/v1/finance/timeseries/6971.T
6971.T,FY2023,2024-03-31,gross_profit,553111.0,JPY,mn,Yahoo Finance fundamentals-timeseries (annual),https://query1.finance.yahoo.com/ws/fundamentals-timeseries/v1/finance/timeseries/6971.T
6971.T,FY2024,2025-03-31,gross_profit,559174.0,JPY,mn,Yahoo Finance fundamentals-timeseries (annual),https://query1.finance.yahoo.com/ws/fundamentals-timeseries/v1/finance/timeseries/6971.T
6971.T,FY2025,2026-03-31,gross_profit,607643.0,JPY,mn,Yahoo Finance fundamentals-timeseries (annual),https://query1.finance.yahoo.com/ws/fundamentals-timeseries/v1/finance/timeseries/6971.T
6971.T,FY2022,2023-03-31,inventory,539441.0,JPY,mn,Yahoo Finance fundamentals-timeseries (annual),https://query1.finance.yahoo.com/ws/fundamentals-timeseries/v1/finance/timeseries/6971.T
6971.T,FY2023,2024-03-31,inventory,540225.0,JPY,mn,Yahoo Finance fundamentals-timeseries (annual),https://query1.finance.yahoo.com/ws/fundamentals-timeseries/v1/finance/timeseries/6971.T
6971.T,FY2024,2025-03-31,inventory,521813.0,JPY,mn,Yahoo Finance fundamentals-timeseries (annual),https://query1.finance.yahoo.com/ws/fundamentals-timeseries/v1/finance/timeseries/6971.T
6971.T,Q:2025-03-31,2025-03-31,inventory,521813.0,JPY,mn,Yahoo Finance fundamentals-timeseries (quarterly),https://query1.finance.yahoo.com/ws/fundamentals-timeseries/v1/finance/timeseries/6971.T
6971.T,Q:2025-09-30,2025-09-30,inventory,534826.0,JPY,mn,Yahoo Finance fundamentals-timeseries (quarterly),https://query1.finance.yahoo.com/ws/fundamentals-timeseries/v1/finance/timeseries/6971.T
6971.T,FY2025,2026-03-31,inventory,522004.0,JPY,mn,Yahoo Finance fundamentals-timeseries (annual),https://query1.finance.yahoo.com/ws/fundamentals-timeseries/v1/finance/timeseries/6971.T
6971.T,Q:2026-03-31,2026-03-31,inventory,522004.0,JPY,mn,Yahoo Finance fundamentals-timeseries (quarterly),https://query1.finance.yahoo.com/ws/fundamentals-timeseries/v1/finance/timeseries/6971.T
6971.T,FY2022,2023-03-31,net_income,127988.0,JPY,mn,Yahoo Finance fundamentals-timeseries (annual),https://query1.finance.yahoo.com/ws/fundamentals-timeseries/v1/finance/timeseries/6971.T
6971.T,FY2023,2024-03-31,net_income,101074.0,JPY,mn,Yahoo Finance fundamentals-timeseries (annual),https://query1.finance.yahoo.com/ws/fundamentals-timeseries/v1/finance/timeseries/6971.T
6971.T,FY2024,2025-03-31,net_income,24097.0,JPY,mn,Yahoo Finance fundamentals-timeseries (annual),https://query1.finance.yahoo.com/ws/fundamentals-timeseries/v1/finance/timeseries/6971.T
6971.T,FY2025,2026-03-31,net_income,140969.0,JPY,mn,Yahoo Finance fundamentals-timeseries (annual),https://query1.finance.yahoo.com/ws/fundamentals-timeseries/v1/finance/timeseries/6971.T
6971.T,FY2022,2023-03-31,operating_cash_flow,179212.0,JPY,mn,Yahoo Finance fundamentals-timeseries (annual),https://query1.finance.yahoo.com/ws/fundamentals-timeseries/v1/finance/timeseries/6971.T
6971.T,FY2023,2024-03-31,operating_cash_flow,269069.0,JPY,mn,Yahoo Finance fundamentals-timeseries (annual),https://query1.finance.yahoo.com/ws/fundamentals-timeseries/v1/finance/timeseries/6971.T
6971.T,FY2024,2025-03-31,operating_cash_flow,237918.0,JPY,mn,Yahoo Finance fundamentals-timeseries (annual),https://query1.finance.yahoo.com/ws/fundamentals-timeseries/v1/finance/timeseries/6971.T
6971.T,FY2025,2026-03-31,operating_cash_flow,226235.0,JPY,mn,Yahoo Finance fundamentals-timeseries (annual),https://query1.finance.yahoo.com/ws/fundamentals-timeseries/v1/finance/timeseries/6971.T
6971.T,FY2022,2023-03-31,operating_income,128517.0,JPY,mn,Yahoo Finance fundamentals-timeseries (annual),https://query1.finance.yahoo.com/ws/fundamentals-timeseries/v1/finance/timeseries/6971.T
6971.T,FY2023,2024-03-31,operating_income,92923.0,JPY,mn,Yahoo Finance fundamentals-timeseries (annual),https://query1.finance.yahoo.com/ws/fundamentals-timeseries/v1/finance/timeseries/6971.T
6971.T,FY2024,2025-03-31,operating_income,26695.0,JPY,mn,Yahoo Finance fundamentals-timeseries (annual),https://query1.finance.yahoo.com/ws/fundamentals-timeseries/v1/finance/timeseries/6971.T
6971.T,FY2025,2026-03-31,operating_income,95021.0,JPY,mn,Yahoo Finance fundamentals-timeseries (annual),https://query1.finance.yahoo.com/ws/fundamentals-timeseries/v1/finance/timeseries/6971.T
6971.T,FY2022,2023-03-31,receivables,380972.0,JPY,mn,Yahoo Finance fundamentals-timeseries (annual),https://query1.finance.yahoo.com/ws/fundamentals-timeseries/v1/finance/timeseries/6971.T
6971.T,FY2023,2024-03-31,receivables,384381.0,JPY,mn,Yahoo Finance fundamentals-timeseries (annual),https://query1.finance.yahoo.com/ws/fundamentals-timeseries/v1/finance/timeseries/6971.T
6971.T,FY2024,2025-03-31,receivables,382584.0,JPY,mn,Yahoo Finance fundamentals-timeseries (annual),https://query1.finance.yahoo.com/ws/fundamentals-timeseries/v1/finance/timeseries/6971.T
6971.T,Q:2025-03-31,2025-03-31,receivables,382584.0,JPY,mn,Yahoo Finance fundamentals-timeseries (quarterly),https://query1.finance.yahoo.com/ws/fundamentals-timeseries/v1/finance/timeseries/6971.T
6971.T,Q:2025-09-30,2025-09-30,receivables,366805.0,JPY,mn,Yahoo Finance fundamentals-timeseries (quarterly),https://query1.finance.yahoo.com/ws/fundamentals-timeseries/v1/finance/timeseries/6971.T
6971.T,FY2025,2026-03-31,receivables,382158.0,JPY,mn,Yahoo Finance fundamentals-timeseries (annual),https://query1.finance.yahoo.com/ws/fundamentals-timeseries/v1/finance/timeseries/6971.T
6971.T,Q:2026-03-31,2026-03-31,receivables,382158.0,JPY,mn,Yahoo Finance fundamentals-timeseries (quarterly),https://query1.finance.yahoo.com/ws/fundamentals-timeseries/v1/finance/timeseries/6971.T
6971.T,FY2022,2023-03-31,revenue,2025332.0,JPY,mn,Yahoo Finance fundamentals-timeseries (annual),https://query1.finance.yahoo.com/ws/fundamentals-timeseries/v1/finance/timeseries/6971.T
6971.T,FY2023,2024-03-31,revenue,2004221.0,JPY,mn,Yahoo Finance fundamentals-timeseries (annual),https://query1.finance.yahoo.com/ws/fundamentals-timeseries/v1/finance/timeseries/6971.T
6971.T,FY2024,2025-03-31,revenue,2014454.0,JPY,mn,Yahoo Finance fundamentals-timeseries (annual),https://query1.finance.yahoo.com/ws/fundamentals-timeseries/v1/finance/timeseries/6971.T
6971.T,FY2025,2026-03-31,revenue,2070203.0,JPY,mn,Yahoo Finance fundamentals-timeseries (annual),https://query1.finance.yahoo.com/ws/fundamentals-timeseries/v1/finance/timeseries/6971.T
6971.T,FY2022,2023-03-31,shares_diluted,1435.641,JPY,mn,Yahoo Finance fundamentals-timeseries (annual),https://query1.finance.yahoo.com/ws/fundamentals-timeseries/v1/finance/timeseries/6971.T
6971.T,FY2023,2024-03-31,shares_diluted,1412.123,JPY,mn,Yahoo Finance fundamentals-timeseries (annual),https://query1.finance.yahoo.com/ws/fundamentals-timeseries/v1/finance/timeseries/6971.T
6971.T,FY2024,2025-03-31,shares_diluted,1408.3577,JPY,mn,Yahoo Finance fundamentals-timeseries (annual),https://query1.finance.yahoo.com/ws/fundamentals-timeseries/v1/finance/timeseries/6971.T
6971.T,Q:2025-06-30,2025-06-30,shares_diluted,1408.5324,JPY,mn,Yahoo Finance fundamentals-timeseries (quarterly),https://query1.finance.yahoo.com/ws/fundamentals-timeseries/v1/finance/timeseries/6971.T
6971.T,FY2025,2026-03-31,shares_diluted,1372.576,JPY,mn,Yahoo Finance fundamentals-timeseries (annual),https://query1.finance.yahoo.com/ws/fundamentals-timeseries/v1/finance/timeseries/6971.T
6971.T,FY2022,2023-03-31,total_debt,209801.0,JPY,mn,Yahoo Finance fundamentals-timeseries (annual),https://query1.finance.yahoo.com/ws/fundamentals-timeseries/v1/finance/timeseries/6971.T
6971.T,FY2023,2024-03-31,total_debt,304191.0,JPY,mn,Yahoo Finance fundamentals-timeseries (annual),https://query1.finance.yahoo.com/ws/fundamentals-timeseries/v1/finance/timeseries/6971.T
6971.T,FY2024,2025-03-31,total_debt,342382.0,JPY,mn,Yahoo Finance fundamentals-timeseries (annual),https://query1.finance.yahoo.com/ws/fundamentals-timeseries/v1/finance/timeseries/6971.T
6971.T,Q:2025-03-31,2025-03-31,total_debt,342382.0,JPY,mn,Yahoo Finance fundamentals-timeseries (quarterly),https://query1.finance.yahoo.com/ws/fundamentals-timeseries/v1/finance/timeseries/6971.T
6971.T,Q:2025-09-30,2025-09-30,total_debt,338107.0,JPY,mn,Yahoo Finance fundamentals-timeseries (quarterly),https://query1.finance.yahoo.com/ws/fundamentals-timeseries/v1/finance/timeseries/6971.T
6971.T,FY2025,2026-03-31,total_debt,332724.0,JPY,mn,Yahoo Finance fundamentals-timeseries (annual),https://query1.finance.yahoo.com/ws/fundamentals-timeseries/v1/finance/timeseries/6971.T
6971.T,Q:2026-03-31,2026-03-31,total_debt,332724.0,JPY,mn,Yahoo Finance fundamentals-timeseries (quarterly),https://query1.finance.yahoo.com/ws/fundamentals-timeseries/v1/finance/timeseries/6971.T
6971.T,FY2022,2023-03-31,total_equity,3023777.0,JPY,mn,Yahoo Finance fundamentals-timeseries (annual),https://query1.finance.yahoo.com/ws/fundamentals-timeseries/v1/finance/timeseries/6971.T
6971.T,FY2023,2024-03-31,total_equity,3225595.0,JPY,mn,Yahoo Finance fundamentals-timeseries (annual),https://query1.finance.yahoo.com/ws/fundamentals-timeseries/v1/finance/timeseries/6971.T
6971.T,FY2024,2025-03-31,total_equity,3217788.0,JPY,mn,Yahoo Finance fundamentals-timeseries (annual),https://query1.finance.yahoo.com/ws/fundamentals-timeseries/v1/finance/timeseries/6971.T
6971.T,Q:2025-03-31,2025-03-31,total_equity,3217788.0,JPY,mn,Yahoo Finance fundamentals-timeseries (quarterly),https://query1.finance.yahoo.com/ws/fundamentals-timeseries/v1/finance/timeseries/6971.T
6971.T,Q:2025-09-30,2025-09-30,total_equity,3226634.0,JPY,mn,Yahoo Finance fundamentals-timeseries (quarterly),https://query1.finance.yahoo.com/ws/fundamentals-timeseries/v1/finance/timeseries/6971.T
6971.T,FY2025,2026-03-31,total_equity,3339431.0,JPY,mn,Yahoo Finance fundamentals-timeseries (annual),https://query1.finance.yahoo.com/ws/fundamentals-timeseries/v1/finance/timeseries/6971.T
6971.T,Q:2026-03-31,2026-03-31,total_equity,3339431.0,JPY,mn,Yahoo Finance fundamentals-timeseries (quarterly),https://query1.finance.yahoo.com/ws/fundamentals-timeseries/v1/finance/timeseries/6971.T
6976.T,FY2022,2023-03-31,cash,87197.0,JPY,mn,Yahoo Finance fundamentals-timeseries (annual),https://query1.finance.yahoo.com/ws/fundamentals-timeseries/v1/finance/timeseries/6976.T
6976.T,FY2023,2024-03-31,cash,102783.0,JPY,mn,Yahoo Finance fundamentals-timeseries (annual),https://query1.finance.yahoo.com/ws/fundamentals-timeseries/v1/finance/timeseries/6976.T
6976.T,FY2024,2025-03-31,cash,78166.0,JPY,mn,Yahoo Finance fundamentals-timeseries (annual),https://query1.finance.yahoo.com/ws/fundamentals-timeseries/v1/finance/timeseries/6976.T
6976.T,Q:2025-03-31,2025-03-31,cash,78166.0,JPY,mn,Yahoo Finance fundamentals-timeseries (quarterly),https://query1.finance.yahoo.com/ws/fundamentals-timeseries/v1/finance/timeseries/6976.T
6976.T,Q:2025-09-30,2025-09-30,cash,90632.0,JPY,mn,Yahoo Finance fundamentals-timeseries (quarterly),https://query1.finance.yahoo.com/ws/fundamentals-timeseries/v1/finance/timeseries/6976.T
6976.T,FY2025,2026-03-31,cash,100072.0,JPY,mn,Yahoo Finance fundamentals-timeseries (annual),https://query1.finance.yahoo.com/ws/fundamentals-timeseries/v1/finance/timeseries/6976.T
6976.T,Q:2026-03-31,2026-03-31,cash,100072.0,JPY,mn,Yahoo Finance fundamentals-timeseries (quarterly),https://query1.finance.yahoo.com/ws/fundamentals-timeseries/v1/finance/timeseries/6976.T
6976.T,FY2022,2023-03-31,d_and_a,34903.0,JPY,mn,Yahoo Finance fundamentals-timeseries (annual),https://query1.finance.yahoo.com/ws/fundamentals-timeseries/v1/finance/timeseries/6976.T
6976.T,FY2023,2024-03-31,d_and_a,39391.0,JPY,mn,Yahoo Finance fundamentals-timeseries (annual),https://query1.finance.yahoo.com/ws/fundamentals-timeseries/v1/finance/timeseries/6976.T
6976.T,FY2024,2025-03-31,d_and_a,46258.0,JPY,mn,Yahoo Finance fundamentals-timeseries (annual),https://query1.finance.yahoo.com/ws/fundamentals-timeseries/v1/finance/timeseries/6976.T
6976.T,FY2025,2026-03-31,d_and_a,49148.0,JPY,mn,Yahoo Finance fundamentals-timeseries (annual),https://query1.finance.yahoo.com/ws/fundamentals-timeseries/v1/finance/timeseries/6976.T
6976.T,FY2022,2023-03-31,dividends_paid_total,-10573.0,JPY,mn,Yahoo Finance fundamentals-timeseries (annual),https://query1.finance.yahoo.com/ws/fundamentals-timeseries/v1/finance/timeseries/6976.T
6976.T,FY2023,2024-03-31,dividends_paid_total,-11198.0,JPY,mn,Yahoo Finance fundamentals-timeseries (annual),https://query1.finance.yahoo.com/ws/fundamentals-timeseries/v1/finance/timeseries/6976.T
6976.T,FY2024,2025-03-31,dividends_paid_total,-11203.0,JPY,mn,Yahoo Finance fundamentals-timeseries (annual),https://query1.finance.yahoo.com/ws/fundamentals-timeseries/v1/finance/timeseries/6976.T
6976.T,FY2025,2026-03-31,dividends_paid_total,-11224.0,JPY,mn,Yahoo Finance fundamentals-timeseries (annual),https://query1.finance.yahoo.com/ws/fundamentals-timeseries/v1/finance/timeseries/6976.T
6976.T,FY2022,2023-03-31,ebitda,66468.0,JPY,mn,Yahoo Finance fundamentals-timeseries (annual),https://query1.finance.yahoo.com/ws/fundamentals-timeseries/v1/finance/timeseries/6976.T
6976.T,FY2023,2024-03-31,ebitda,53162.0,JPY,mn,Yahoo Finance fundamentals-timeseries (annual),https://query1.finance.yahoo.com/ws/fundamentals-timeseries/v1/finance/timeseries/6976.T
6976.T,FY2024,2025-03-31,ebitda,55514.0,JPY,mn,Yahoo Finance fundamentals-timeseries (annual),https://query1.finance.yahoo.com/ws/fundamentals-timeseries/v1/finance/timeseries/6976.T
6976.T,FY2025,2026-03-31,ebitda,71073.0,JPY,mn,Yahoo Finance fundamentals-timeseries (annual),https://query1.finance.yahoo.com/ws/fundamentals-timeseries/v1/finance/timeseries/6976.T
6976.T,FY2021,2022-03-31,eps_diluted,432.19,JPY,per_share,Yahoo Finance fundamentals-timeseries (annual),https://query1.finance.yahoo.com/ws/fundamentals-timeseries/v1/finance/timeseries/6976.T
6976.T,FY2022,2023-03-31,eps_diluted,185.71,JPY,per_share,Yahoo Finance fundamentals-timeseries (annual),https://query1.finance.yahoo.com/ws/fundamentals-timeseries/v1/finance/timeseries/6976.T
6976.T,FY2023,2024-03-31,eps_diluted,63.49,JPY,per_share,Yahoo Finance fundamentals-timeseries (annual),https://query1.finance.yahoo.com/ws/fundamentals-timeseries/v1/finance/timeseries/6976.T
6976.T,FY2025,2026-03-31,eps_diluted,107.55,JPY,per_share,Yahoo Finance fundamentals-timeseries (annual),https://query1.finance.yahoo.com/ws/fundamentals-timeseries/v1/finance/timeseries/6976.T
6976.T,Q:2026-06-30,2026-06-30,eps_diluted,19.82,JPY,per_share,Yahoo Finance fundamentals-timeseries (quarterly),https://query1.finance.yahoo.com/ws/fundamentals-timeseries/v1/finance/timeseries/6976.T
6976.T,FY2022,2023-03-31,free_cash_flow,39460.0,JPY,mn,Yahoo Finance fundamentals-timeseries (annual),https://query1.finance.yahoo.com/ws/fundamentals-timeseries/v1/finance/timeseries/6976.T
6976.T,FY2023,2024-03-31,free_cash_flow,51104.0,JPY,mn,Yahoo Finance fundamentals-timeseries (annual),https://query1.finance.yahoo.com/ws/fundamentals-timeseries/v1/finance/timeseries/6976.T
6976.T,FY2024,2025-03-31,free_cash_flow,33941.0,JPY,mn,Yahoo Finance fundamentals-timeseries (annual),https://query1.finance.yahoo.com/ws/fundamentals-timeseries/v1/finance/timeseries/6976.T
6976.T,FY2025,2026-03-31,free_cash_flow,58117.0,JPY,mn,Yahoo Finance fundamentals-timeseries (annual),https://query1.finance.yahoo.com/ws/fundamentals-timeseries/v1/finance/timeseries/6976.T
6976.T,FY2022,2023-03-31,gross_profit,87419.0,JPY,mn,Yahoo Finance fundamentals-timeseries (annual),https://query1.finance.yahoo.com/ws/fundamentals-timeseries/v1/finance/timeseries/6976.T
6976.T,FY2023,2024-03-31,gross_profit,65456.0,JPY,mn,Yahoo Finance fundamentals-timeseries (annual),https://query1.finance.yahoo.com/ws/fundamentals-timeseries/v1/finance/timeseries/6976.T
6976.T,FY2024,2025-03-31,gross_profit,71570.0,JPY,mn,Yahoo Finance fundamentals-timeseries (annual),https://query1.finance.yahoo.com/ws/fundamentals-timeseries/v1/finance/timeseries/6976.T
6976.T,FY2025,2026-03-31,gross_profit,81928.0,JPY,mn,Yahoo Finance fundamentals-timeseries (annual),https://query1.finance.yahoo.com/ws/fundamentals-timeseries/v1/finance/timeseries/6976.T
6976.T,FY2022,2023-03-31,inventory,104814.0,JPY,mn,Yahoo Finance fundamentals-timeseries (annual),https://query1.finance.yahoo.com/ws/fundamentals-timeseries/v1/finance/timeseries/6976.T
6976.T,FY2023,2024-03-31,inventory,102336.0,JPY,mn,Yahoo Finance fundamentals-timeseries (annual),https://query1.finance.yahoo.com/ws/fundamentals-timeseries/v1/finance/timeseries/6976.T
6976.T,FY2024,2025-03-31,inventory,110026.0,JPY,mn,Yahoo Finance fundamentals-timeseries (annual),https://query1.finance.yahoo.com/ws/fundamentals-timeseries/v1/finance/timeseries/6976.T
6976.T,Q:2025-03-31,2025-03-31,inventory,110026.0,JPY,mn,Yahoo Finance fundamentals-timeseries (quarterly),https://query1.finance.yahoo.com/ws/fundamentals-timeseries/v1/finance/timeseries/6976.T
6976.T,Q:2025-09-30,2025-09-30,inventory,116126.0,JPY,mn,Yahoo Finance fundamentals-timeseries (quarterly),https://query1.finance.yahoo.com/ws/fundamentals-timeseries/v1/finance/timeseries/6976.T
6976.T,FY2025,2026-03-31,inventory,125835.0,JPY,mn,Yahoo Finance fundamentals-timeseries (annual),https://query1.finance.yahoo.com/ws/fundamentals-timeseries/v1/finance/timeseries/6976.T
6976.T,Q:2026-03-31,2026-03-31,inventory,125835.0,JPY,mn,Yahoo Finance fundamentals-timeseries (quarterly),https://query1.finance.yahoo.com/ws/fundamentals-timeseries/v1/finance/timeseries/6976.T
6976.T,FY2022,2023-03-31,net_income,23216.0,JPY,mn,Yahoo Finance fundamentals-timeseries (annual),https://query1.finance.yahoo.com/ws/fundamentals-timeseries/v1/finance/timeseries/6976.T
6976.T,FY2023,2024-03-31,net_income,8317.0,JPY,mn,Yahoo Finance fundamentals-timeseries (annual),https://query1.finance.yahoo.com/ws/fundamentals-timeseries/v1/finance/timeseries/6976.T
6976.T,FY2024,2025-03-31,net_income,2328.0,JPY,mn,Yahoo Finance fundamentals-timeseries (annual),https://query1.finance.yahoo.com/ws/fundamentals-timeseries/v1/finance/timeseries/6976.T
6976.T,FY2025,2026-03-31,net_income,14806.0,JPY,mn,Yahoo Finance fundamentals-timeseries (annual),https://query1.finance.yahoo.com/ws/fundamentals-timeseries/v1/finance/timeseries/6976.T
6976.T,FY2022,2023-03-31,operating_cash_flow,39460.0,JPY,mn,Yahoo Finance fundamentals-timeseries (annual),https://query1.finance.yahoo.com/ws/fundamentals-timeseries/v1/finance/timeseries/6976.T
6976.T,FY2023,2024-03-31,operating_cash_flow,51104.0,JPY,mn,Yahoo Finance fundamentals-timeseries (annual),https://query1.finance.yahoo.com/ws/fundamentals-timeseries/v1/finance/timeseries/6976.T
6976.T,FY2024,2025-03-31,operating_cash_flow,33941.0,JPY,mn,Yahoo Finance fundamentals-timeseries (annual),https://query1.finance.yahoo.com/ws/fundamentals-timeseries/v1/finance/timeseries/6976.T
6976.T,FY2025,2026-03-31,operating_cash_flow,58117.0,JPY,mn,Yahoo Finance fundamentals-timeseries (annual),https://query1.finance.yahoo.com/ws/fundamentals-timeseries/v1/finance/timeseries/6976.T
6976.T,FY2022,2023-03-31,operating_income,31981.0,JPY,mn,Yahoo Finance fundamentals-timeseries (annual),https://query1.finance.yahoo.com/ws/fundamentals-timeseries/v1/finance/timeseries/6976.T
6976.T,FY2023,2024-03-31,operating_income,9080.0,JPY,mn,Yahoo Finance fundamentals-timeseries (annual),https://query1.finance.yahoo.com/ws/fundamentals-timeseries/v1/finance/timeseries/6976.T
6976.T,FY2024,2025-03-31,operating_income,10460.0,JPY,mn,Yahoo Finance fundamentals-timeseries (annual),https://query1.finance.yahoo.com/ws/fundamentals-timeseries/v1/finance/timeseries/6976.T
6976.T,FY2025,2026-03-31,operating_income,19996.0,JPY,mn,Yahoo Finance fundamentals-timeseries (annual),https://query1.finance.yahoo.com/ws/fundamentals-timeseries/v1/finance/timeseries/6976.T
6976.T,FY2022,2023-03-31,receivables,70372.0,JPY,mn,Yahoo Finance fundamentals-timeseries (annual),https://query1.finance.yahoo.com/ws/fundamentals-timeseries/v1/finance/timeseries/6976.T
6976.T,FY2023,2024-03-31,receivables,81199.0,JPY,mn,Yahoo Finance fundamentals-timeseries (annual),https://query1.finance.yahoo.com/ws/fundamentals-timeseries/v1/finance/timeseries/6976.T
6976.T,FY2024,2025-03-31,receivables,80549.0,JPY,mn,Yahoo Finance fundamentals-timeseries (annual),https://query1.finance.yahoo.com/ws/fundamentals-timeseries/v1/finance/timeseries/6976.T
6976.T,Q:2025-03-31,2025-03-31,receivables,80549.0,JPY,mn,Yahoo Finance fundamentals-timeseries (quarterly),https://query1.finance.yahoo.com/ws/fundamentals-timeseries/v1/finance/timeseries/6976.T
6976.T,Q:2025-09-30,2025-09-30,receivables,84404.0,JPY,mn,Yahoo Finance fundamentals-timeseries (quarterly),https://query1.finance.yahoo.com/ws/fundamentals-timeseries/v1/finance/timeseries/6976.T
6976.T,FY2025,2026-03-31,receivables,86366.0,JPY,mn,Yahoo Finance fundamentals-timeseries (annual),https://query1.finance.yahoo.com/ws/fundamentals-timeseries/v1/finance/timeseries/6976.T
6976.T,Q:2026-03-31,2026-03-31,receivables,86366.0,JPY,mn,Yahoo Finance fundamentals-timeseries (quarterly),https://query1.finance.yahoo.com/ws/fundamentals-timeseries/v1/finance/timeseries/6976.T
6976.T,FY2022,2023-03-31,revenue,319504.0,JPY,mn,Yahoo Finance fundamentals-timeseries (annual),https://query1.finance.yahoo.com/ws/fundamentals-timeseries/v1/finance/timeseries/6976.T
6976.T,FY2023,2024-03-31,revenue,322647.0,JPY,mn,Yahoo Finance fundamentals-timeseries (annual),https://query1.finance.yahoo.com/ws/fundamentals-timeseries/v1/finance/timeseries/6976.T
6976.T,FY2024,2025-03-31,revenue,341438.0,JPY,mn,Yahoo Finance fundamentals-timeseries (annual),https://query1.finance.yahoo.com/ws/fundamentals-timeseries/v1/finance/timeseries/6976.T
6976.T,FY2025,2026-03-31,revenue,355341.0,JPY,mn,Yahoo Finance fundamentals-timeseries (annual),https://query1.finance.yahoo.com/ws/fundamentals-timeseries/v1/finance/timeseries/6976.T
6976.T,FY2021,2022-03-31,shares_diluted,125.7803,JPY,mn,Yahoo Finance fundamentals-timeseries (annual),https://query1.finance.yahoo.com/ws/fundamentals-timeseries/v1/finance/timeseries/6976.T
6976.T,FY2022,2023-03-31,shares_diluted,125.0121,JPY,mn,Yahoo Finance fundamentals-timeseries (annual),https://query1.finance.yahoo.com/ws/fundamentals-timeseries/v1/finance/timeseries/6976.T
6976.T,FY2023,2024-03-31,shares_diluted,130.997,JPY,mn,Yahoo Finance fundamentals-timeseries (annual),https://query1.finance.yahoo.com/ws/fundamentals-timeseries/v1/finance/timeseries/6976.T
6976.T,Q:2025-06-30,2025-06-30,shares_diluted,124.7863,JPY,mn,Yahoo Finance fundamentals-timeseries (quarterly),https://query1.finance.yahoo.com/ws/fundamentals-timeseries/v1/finance/timeseries/6976.T
6976.T,FY2025,2026-03-31,shares_diluted,137.6662,JPY,mn,Yahoo Finance fundamentals-timeseries (annual),https://query1.finance.yahoo.com/ws/fundamentals-timeseries/v1/finance/timeseries/6976.T
6976.T,Q:2026-06-30,2026-06-30,shares_diluted,126.3756,JPY,mn,Yahoo Finance fundamentals-timeseries (quarterly),https://query1.finance.yahoo.com/ws/fundamentals-timeseries/v1/finance/timeseries/6976.T
6976.T,FY2022,2023-03-31,total_debt,98935.0,JPY,mn,Yahoo Finance fundamentals-timeseries (annual),https://query1.finance.yahoo.com/ws/fundamentals-timeseries/v1/finance/timeseries/6976.T
6976.T,FY2023,2024-03-31,total_debt,148844.0,JPY,mn,Yahoo Finance fundamentals-timeseries (annual),https://query1.finance.yahoo.com/ws/fundamentals-timeseries/v1/finance/timeseries/6976.T
6976.T,FY2024,2025-03-31,total_debt,164400.0,JPY,mn,Yahoo Finance fundamentals-timeseries (annual),https://query1.finance.yahoo.com/ws/fundamentals-timeseries/v1/finance/timeseries/6976.T
6976.T,Q:2025-03-31,2025-03-31,total_debt,164400.0,JPY,mn,Yahoo Finance fundamentals-timeseries (quarterly),https://query1.finance.yahoo.com/ws/fundamentals-timeseries/v1/finance/timeseries/6976.T
6976.T,Q:2025-09-30,2025-09-30,total_debt,170525.0,JPY,mn,Yahoo Finance fundamentals-timeseries (quarterly),https://query1.finance.yahoo.com/ws/fundamentals-timeseries/v1/finance/timeseries/6976.T
6976.T,FY2025,2026-03-31,total_debt,171212.0,JPY,mn,Yahoo Finance fundamentals-timeseries (annual),https://query1.finance.yahoo.com/ws/fundamentals-timeseries/v1/finance/timeseries/6976.T
6976.T,Q:2026-03-31,2026-03-31,total_debt,171212.0,JPY,mn,Yahoo Finance fundamentals-timeseries (quarterly),https://query1.finance.yahoo.com/ws/fundamentals-timeseries/v1/finance/timeseries/6976.T
6976.T,FY2022,2023-03-31,total_equity,318476.0,JPY,mn,Yahoo Finance fundamentals-timeseries (annual),https://query1.finance.yahoo.com/ws/fundamentals-timeseries/v1/finance/timeseries/6976.T
6976.T,FY2023,2024-03-31,total_equity,330098.0,JPY,mn,Yahoo Finance fundamentals-timeseries (annual),https://query1.finance.yahoo.com/ws/fundamentals-timeseries/v1/finance/timeseries/6976.T
6976.T,FY2024,2025-03-31,total_equity,319169.0,JPY,mn,Yahoo Finance fundamentals-timeseries (annual),https://query1.finance.yahoo.com/ws/fundamentals-timeseries/v1/finance/timeseries/6976.T
6976.T,Q:2025-03-31,2025-03-31,total_equity,319169.0,JPY,mn,Yahoo Finance fundamentals-timeseries (quarterly),https://query1.finance.yahoo.com/ws/fundamentals-timeseries/v1/finance/timeseries/6976.T
6976.T,Q:2025-09-30,2025-09-30,total_equity,324552.0,JPY,mn,Yahoo Finance fundamentals-timeseries (quarterly),https://query1.finance.yahoo.com/ws/fundamentals-timeseries/v1/finance/timeseries/6976.T
6976.T,FY2025,2026-03-31,total_equity,344412.0,JPY,mn,Yahoo Finance fundamentals-timeseries (annual),https://query1.finance.yahoo.com/ws/fundamentals-timeseries/v1/finance/timeseries/6976.T
6976.T,Q:2026-03-31,2026-03-31,total_equity,344412.0,JPY,mn,Yahoo Finance fundamentals-timeseries (quarterly),https://query1.finance.yahoo.com/ws/fundamentals-timeseries/v1/finance/timeseries/6976.T
6981.T,FY2022,2023-03-31,capex,-197565.0,JPY,mn,Yahoo Finance fundamentals-timeseries (annual),https://query1.finance.yahoo.com/ws/fundamentals-timeseries/v1/finance/timeseries/6981.T
6981.T,FY2023,2024-03-31,capex,-236228.0,JPY,mn,Yahoo Finance fundamentals-timeseries (annual),https://query1.finance.yahoo.com/ws/fundamentals-timeseries/v1/finance/timeseries/6981.T
6981.T,FY2024,2025-03-31,capex,-192842.0,JPY,mn,Yahoo Finance fundamentals-timeseries (annual),https://query1.finance.yahoo.com/ws/fundamentals-timeseries/v1/finance/timeseries/6981.T
6981.T,Q:2025-03-31,2025-03-31,capex,-39675.0,JPY,mn,Yahoo Finance fundamentals-timeseries (quarterly),https://query1.finance.yahoo.com/ws/fundamentals-timeseries/v1/finance/timeseries/6981.T
6981.T,Q:2025-06-30,2025-06-30,capex,-50517.0,JPY,mn,Yahoo Finance fundamentals-timeseries (quarterly),https://query1.finance.yahoo.com/ws/fundamentals-timeseries/v1/finance/timeseries/6981.T
6981.T,Q:2025-09-30,2025-09-30,capex,-42837.0,JPY,mn,Yahoo Finance fundamentals-timeseries (quarterly),https://query1.finance.yahoo.com/ws/fundamentals-timeseries/v1/finance/timeseries/6981.T
6981.T,FY2025,2026-03-31,capex,-252220.0,JPY,mn,Yahoo Finance fundamentals-timeseries (annual),https://query1.finance.yahoo.com/ws/fundamentals-timeseries/v1/finance/timeseries/6981.T
6981.T,FY2022,2023-03-31,cash,512420.0,JPY,mn,Yahoo Finance fundamentals-timeseries (annual),https://query1.finance.yahoo.com/ws/fundamentals-timeseries/v1/finance/timeseries/6981.T
6981.T,FY2023,2024-03-31,cash,641539.0,JPY,mn,Yahoo Finance fundamentals-timeseries (annual),https://query1.finance.yahoo.com/ws/fundamentals-timeseries/v1/finance/timeseries/6981.T
6981.T,FY2024,2025-03-31,cash,675833.0,JPY,mn,Yahoo Finance fundamentals-timeseries (annual),https://query1.finance.yahoo.com/ws/fundamentals-timeseries/v1/finance/timeseries/6981.T
6981.T,Q:2025-03-31,2025-03-31,cash,675833.0,JPY,mn,Yahoo Finance fundamentals-timeseries (quarterly),https://query1.finance.yahoo.com/ws/fundamentals-timeseries/v1/finance/timeseries/6981.T
6981.T,Q:2025-06-30,2025-06-30,cash,557139.0,JPY,mn,Yahoo Finance fundamentals-timeseries (quarterly),https://query1.finance.yahoo.com/ws/fundamentals-timeseries/v1/finance/timeseries/6981.T
6981.T,Q:2025-09-30,2025-09-30,cash,612880.0,JPY,mn,Yahoo Finance fundamentals-timeseries (quarterly),https://query1.finance.yahoo.com/ws/fundamentals-timeseries/v1/finance/timeseries/6981.T
6981.T,FY2025,2026-03-31,cash,677886.0,JPY,mn,Yahoo Finance fundamentals-timeseries (annual),https://query1.finance.yahoo.com/ws/fundamentals-timeseries/v1/finance/timeseries/6981.T
6981.T,FY2022,2023-03-31,d_and_a,169618.0,JPY,mn,Yahoo Finance fundamentals-timeseries (annual),https://query1.finance.yahoo.com/ws/fundamentals-timeseries/v1/finance/timeseries/6981.T
6981.T,FY2023,2024-03-31,d_and_a,175873.0,JPY,mn,Yahoo Finance fundamentals-timeseries (annual),https://query1.finance.yahoo.com/ws/fundamentals-timeseries/v1/finance/timeseries/6981.T
6981.T,FY2024,2025-03-31,d_and_a,173335.0,JPY,mn,Yahoo Finance fundamentals-timeseries (annual),https://query1.finance.yahoo.com/ws/fundamentals-timeseries/v1/finance/timeseries/6981.T
6981.T,Q:2025-03-31,2025-03-31,d_and_a,44515.0,JPY,mn,Yahoo Finance fundamentals-timeseries (quarterly),https://query1.finance.yahoo.com/ws/fundamentals-timeseries/v1/finance/timeseries/6981.T
6981.T,Q:2025-06-30,2025-06-30,d_and_a,41950.0,JPY,mn,Yahoo Finance fundamentals-timeseries (quarterly),https://query1.finance.yahoo.com/ws/fundamentals-timeseries/v1/finance/timeseries/6981.T
6981.T,Q:2025-09-30,2025-09-30,d_and_a,42630.0,JPY,mn,Yahoo Finance fundamentals-timeseries (quarterly),https://query1.finance.yahoo.com/ws/fundamentals-timeseries/v1/finance/timeseries/6981.T
6981.T,FY2025,2026-03-31,d_and_a,178212.0,JPY,mn,Yahoo Finance fundamentals-timeseries (annual),https://query1.finance.yahoo.com/ws/fundamentals-timeseries/v1/finance/timeseries/6981.T
6981.T,FY2022,2023-03-31,dividends_paid_total,-92018.0,JPY,mn,Yahoo Finance fundamentals-timeseries (annual),https://query1.finance.yahoo.com/ws/fundamentals-timeseries/v1/finance/timeseries/6981.T
6981.T,FY2023,2024-03-31,dividends_paid_total,-94460.0,JPY,mn,Yahoo Finance fundamentals-timeseries (annual),https://query1.finance.yahoo.com/ws/fundamentals-timeseries/v1/finance/timeseries/6981.T
6981.T,FY2024,2025-03-31,dividends_paid_total,-101581.0,JPY,mn,Yahoo Finance fundamentals-timeseries (annual),https://query1.finance.yahoo.com/ws/fundamentals-timeseries/v1/finance/timeseries/6981.T
6981.T,Q:2025-03-31,2025-03-31,dividends_paid_total,0.0,JPY,mn,Yahoo Finance fundamentals-timeseries (quarterly),https://query1.finance.yahoo.com/ws/fundamentals-timeseries/v1/finance/timeseries/6981.T
6981.T,Q:2025-06-30,2025-06-30,dividends_paid_total,-55871.0,JPY,mn,Yahoo Finance fundamentals-timeseries (quarterly),https://query1.finance.yahoo.com/ws/fundamentals-timeseries/v1/finance/timeseries/6981.T
6981.T,Q:2025-09-30,2025-09-30,dividends_paid_total,0.0,JPY,mn,Yahoo Finance fundamentals-timeseries (quarterly),https://query1.finance.yahoo.com/ws/fundamentals-timeseries/v1/finance/timeseries/6981.T
6981.T,FY2025,2026-03-31,dividends_paid_total,-110720.0,JPY,mn,Yahoo Finance fundamentals-timeseries (annual),https://query1.finance.yahoo.com/ws/fundamentals-timeseries/v1/finance/timeseries/6981.T
6981.T,FY2022,2023-03-31,ebitda,473471.0,JPY,mn,Yahoo Finance fundamentals-timeseries (annual),https://query1.finance.yahoo.com/ws/fundamentals-timeseries/v1/finance/timeseries/6981.T
6981.T,FY2023,2024-03-31,ebitda,419743.0,JPY,mn,Yahoo Finance fundamentals-timeseries (annual),https://query1.finance.yahoo.com/ws/fundamentals-timeseries/v1/finance/timeseries/6981.T
6981.T,FY2024,2025-03-31,ebitda,482514.0,JPY,mn,Yahoo Finance fundamentals-timeseries (annual),https://query1.finance.yahoo.com/ws/fundamentals-timeseries/v1/finance/timeseries/6981.T
6981.T,Q:2025-03-31,2025-03-31,ebitda,83242.0,JPY,mn,Yahoo Finance fundamentals-timeseries (quarterly),https://query1.finance.yahoo.com/ws/fundamentals-timeseries/v1/finance/timeseries/6981.T
6981.T,Q:2025-06-30,2025-06-30,ebitda,103571.0,JPY,mn,Yahoo Finance fundamentals-timeseries (quarterly),https://query1.finance.yahoo.com/ws/fundamentals-timeseries/v1/finance/timeseries/6981.T
6981.T,Q:2025-09-30,2025-09-30,ebitda,151250.0,JPY,mn,Yahoo Finance fundamentals-timeseries (quarterly),https://query1.finance.yahoo.com/ws/fundamentals-timeseries/v1/finance/timeseries/6981.T
6981.T,FY2025,2026-03-31,ebitda,490044.0,JPY,mn,Yahoo Finance fundamentals-timeseries (annual),https://query1.finance.yahoo.com/ws/fundamentals-timeseries/v1/finance/timeseries/6981.T
6981.T,FY2022,2023-03-31,eps_diluted,128.64,JPY,per_share,Yahoo Finance fundamentals-timeseries (annual),https://query1.finance.yahoo.com/ws/fundamentals-timeseries/v1/finance/timeseries/6981.T
6981.T,FY2023,2024-03-31,eps_diluted,95.72,JPY,per_share,Yahoo Finance fundamentals-timeseries (annual),https://query1.finance.yahoo.com/ws/fundamentals-timeseries/v1/finance/timeseries/6981.T
6981.T,FY2024,2025-03-31,eps_diluted,125.08,JPY,per_share,Yahoo Finance fundamentals-timeseries (annual),https://query1.finance.yahoo.com/ws/fundamentals-timeseries/v1/finance/timeseries/6981.T
6981.T,Q:2025-06-30,2025-06-30,eps_diluted,26.83,JPY,per_share,Yahoo Finance fundamentals-timeseries (quarterly),https://query1.finance.yahoo.com/ws/fundamentals-timeseries/v1/finance/timeseries/6981.T
6981.T,FY2025,2026-03-31,eps_diluted,127.65,JPY,per_share,Yahoo Finance fundamentals-timeseries (annual),https://query1.finance.yahoo.com/ws/fundamentals-timeseries/v1/finance/timeseries/6981.T
6981.T,FY2022,2023-03-31,free_cash_flow,80076.0,JPY,mn,Yahoo Finance fundamentals-timeseries (annual),https://query1.finance.yahoo.com/ws/fundamentals-timeseries/v1/finance/timeseries/6981.T
6981.T,FY2023,2024-03-31,free_cash_flow,253409.0,JPY,mn,Yahoo Finance fundamentals-timeseries (annual),https://query1.finance.yahoo.com/ws/fundamentals-timeseries/v1/finance/timeseries/6981.T
6981.T,FY2024,2025-03-31,free_cash_flow,259063.0,JPY,mn,Yahoo Finance fundamentals-timeseries (annual),https://query1.finance.yahoo.com/ws/fundamentals-timeseries/v1/finance/timeseries/6981.T
6981.T,Q:2025-03-31,2025-03-31,free_cash_flow,88688.0,JPY,mn,Yahoo Finance fundamentals-timeseries (quarterly),https://query1.finance.yahoo.com/ws/fundamentals-timeseries/v1/finance/timeseries/6981.T
6981.T,Q:2025-06-30,2025-06-30,free_cash_flow,-10523.0,JPY,mn,Yahoo Finance fundamentals-timeseries (quarterly),https://query1.finance.yahoo.com/ws/fundamentals-timeseries/v1/finance/timeseries/6981.T
6981.T,Q:2025-09-30,2025-09-30,free_cash_flow,84902.0,JPY,mn,Yahoo Finance fundamentals-timeseries (quarterly),https://query1.finance.yahoo.com/ws/fundamentals-timeseries/v1/finance/timeseries/6981.T
6981.T,FY2025,2026-03-31,free_cash_flow,173002.0,JPY,mn,Yahoo Finance fundamentals-timeseries (annual),https://query1.finance.yahoo.com/ws/fundamentals-timeseries/v1/finance/timeseries/6981.T
6981.T,FY2022,2023-03-31,gross_profit,673534.0,JPY,mn,Yahoo Finance fundamentals-timeseries (annual),https://query1.finance.yahoo.com/ws/fundamentals-timeseries/v1/finance/timeseries/6981.T
6981.T,FY2023,2024-03-31,gross_profit,636797.0,JPY,mn,Yahoo Finance fundamentals-timeseries (annual),https://query1.finance.yahoo.com/ws/fundamentals-timeseries/v1/finance/timeseries/6981.T
6981.T,FY2024,2025-03-31,gross_profit,717702.0,JPY,mn,Yahoo Finance fundamentals-timeseries (annual),https://query1.finance.yahoo.com/ws/fundamentals-timeseries/v1/finance/timeseries/6981.T
6981.T,Q:2025-03-31,2025-03-31,gross_profit,168575.0,JPY,mn,Yahoo Finance fundamentals-timeseries (quarterly),https://query1.finance.yahoo.com/ws/fundamentals-timeseries/v1/finance/timeseries/6981.T
6981.T,Q:2025-06-30,2025-06-30,gross_profit,172660.0,JPY,mn,Yahoo Finance fundamentals-timeseries (quarterly),https://query1.finance.yahoo.com/ws/fundamentals-timeseries/v1/finance/timeseries/6981.T
6981.T,Q:2025-09-30,2025-09-30,gross_profit,208192.0,JPY,mn,Yahoo Finance fundamentals-timeseries (quarterly),https://query1.finance.yahoo.com/ws/fundamentals-timeseries/v1/finance/timeseries/6981.T
6981.T,FY2025,2026-03-31,gross_profit,774826.0,JPY,mn,Yahoo Finance fundamentals-timeseries (annual),https://query1.finance.yahoo.com/ws/fundamentals-timeseries/v1/finance/timeseries/6981.T
6981.T,FY2022,2023-03-31,inventory,574632.0,JPY,mn,Yahoo Finance fundamentals-timeseries (annual),https://query1.finance.yahoo.com/ws/fundamentals-timeseries/v1/finance/timeseries/6981.T
6981.T,FY2023,2024-03-31,inventory,513024.0,JPY,mn,Yahoo Finance fundamentals-timeseries (annual),https://query1.finance.yahoo.com/ws/fundamentals-timeseries/v1/finance/timeseries/6981.T
6981.T,FY2024,2025-03-31,inventory,482833.0,JPY,mn,Yahoo Finance fundamentals-timeseries (annual),https://query1.finance.yahoo.com/ws/fundamentals-timeseries/v1/finance/timeseries/6981.T
6981.T,Q:2025-03-31,2025-03-31,inventory,482833.0,JPY,mn,Yahoo Finance fundamentals-timeseries (quarterly),https://query1.finance.yahoo.com/ws/fundamentals-timeseries/v1/finance/timeseries/6981.T
6981.T,Q:2025-06-30,2025-06-30,inventory,489202.0,JPY,mn,Yahoo Finance fundamentals-timeseries (quarterly),https://query1.finance.yahoo.com/ws/fundamentals-timeseries/v1/finance/timeseries/6981.T
6981.T,Q:2025-09-30,2025-09-30,inventory,488608.0,JPY,mn,Yahoo Finance fundamentals-timeseries (quarterly),https://query1.finance.yahoo.com/ws/fundamentals-timeseries/v1/finance/timeseries/6981.T
6981.T,FY2025,2026-03-31,inventory,520472.0,JPY,mn,Yahoo Finance fundamentals-timeseries (annual),https://query1.finance.yahoo.com/ws/fundamentals-timeseries/v1/finance/timeseries/6981.T
6981.T,FY2022,2023-03-31,net_income,243946.0,JPY,mn,Yahoo Finance fundamentals-timeseries (annual),https://query1.finance.yahoo.com/ws/fundamentals-timeseries/v1/finance/timeseries/6981.T
6981.T,FY2023,2024-03-31,net_income,180838.0,JPY,mn,Yahoo Finance fundamentals-timeseries (annual),https://query1.finance.yahoo.com/ws/fundamentals-timeseries/v1/finance/timeseries/6981.T
6981.T,FY2024,2025-03-31,net_income,233818.0,JPY,mn,Yahoo Finance fundamentals-timeseries (annual),https://query1.finance.yahoo.com/ws/fundamentals-timeseries/v1/finance/timeseries/6981.T
6981.T,Q:2025-03-31,2025-03-31,net_income,32496.0,JPY,mn,Yahoo Finance fundamentals-timeseries (quarterly),https://query1.finance.yahoo.com/ws/fundamentals-timeseries/v1/finance/timeseries/6981.T
6981.T,Q:2025-06-30,2025-06-30,net_income,49714.0,JPY,mn,Yahoo Finance fundamentals-timeseries (quarterly),https://query1.finance.yahoo.com/ws/fundamentals-timeseries/v1/finance/timeseries/6981.T
6981.T,Q:2025-09-30,2025-09-30,net_income,82665.0,JPY,mn,Yahoo Finance fundamentals-timeseries (quarterly),https://query1.finance.yahoo.com/ws/fundamentals-timeseries/v1/finance/timeseries/6981.T
6981.T,FY2025,2026-03-31,net_income,233920.0,JPY,mn,Yahoo Finance fundamentals-timeseries (annual),https://query1.finance.yahoo.com/ws/fundamentals-timeseries/v1/finance/timeseries/6981.T
6981.T,FY2022,2023-03-31,operating_cash_flow,277641.0,JPY,mn,Yahoo Finance fundamentals-timeseries (annual),https://query1.finance.yahoo.com/ws/fundamentals-timeseries/v1/finance/timeseries/6981.T
6981.T,FY2023,2024-03-31,operating_cash_flow,489637.0,JPY,mn,Yahoo Finance fundamentals-timeseries (annual),https://query1.finance.yahoo.com/ws/fundamentals-timeseries/v1/finance/timeseries/6981.T
6981.T,FY2024,2025-03-31,operating_cash_flow,451905.0,JPY,mn,Yahoo Finance fundamentals-timeseries (annual),https://query1.finance.yahoo.com/ws/fundamentals-timeseries/v1/finance/timeseries/6981.T
6981.T,Q:2025-03-31,2025-03-31,operating_cash_flow,128363.0,JPY,mn,Yahoo Finance fundamentals-timeseries (quarterly),https://query1.finance.yahoo.com/ws/fundamentals-timeseries/v1/finance/timeseries/6981.T
6981.T,Q:2025-06-30,2025-06-30,operating_cash_flow,39994.0,JPY,mn,Yahoo Finance fundamentals-timeseries (quarterly),https://query1.finance.yahoo.com/ws/fundamentals-timeseries/v1/finance/timeseries/6981.T
6981.T,Q:2025-09-30,2025-09-30,operating_cash_flow,127739.0,JPY,mn,Yahoo Finance fundamentals-timeseries (quarterly),https://query1.finance.yahoo.com/ws/fundamentals-timeseries/v1/finance/timeseries/6981.T
6981.T,FY2025,2026-03-31,operating_cash_flow,425222.0,JPY,mn,Yahoo Finance fundamentals-timeseries (annual),https://query1.finance.yahoo.com/ws/fundamentals-timeseries/v1/finance/timeseries/6981.T
6981.T,FY2022,2023-03-31,operating_income,292856.0,JPY,mn,Yahoo Finance fundamentals-timeseries (annual),https://query1.finance.yahoo.com/ws/fundamentals-timeseries/v1/finance/timeseries/6981.T
6981.T,FY2023,2024-03-31,operating_income,215447.0,JPY,mn,Yahoo Finance fundamentals-timeseries (annual),https://query1.finance.yahoo.com/ws/fundamentals-timeseries/v1/finance/timeseries/6981.T
6981.T,FY2024,2025-03-31,operating_income,279702.0,JPY,mn,Yahoo Finance fundamentals-timeseries (annual),https://query1.finance.yahoo.com/ws/fundamentals-timeseries/v1/finance/timeseries/6981.T
6981.T,Q:2025-03-31,2025-03-31,operating_income,45541.0,JPY,mn,Yahoo Finance fundamentals-timeseries (quarterly),https://query1.finance.yahoo.com/ws/fundamentals-timeseries/v1/finance/timeseries/6981.T
6981.T,Q:2025-06-30,2025-06-30,operating_income,61621.0,JPY,mn,Yahoo Finance fundamentals-timeseries (quarterly),https://query1.finance.yahoo.com/ws/fundamentals-timeseries/v1/finance/timeseries/6981.T
6981.T,Q:2025-09-30,2025-09-30,operating_income,103515.0,JPY,mn,Yahoo Finance fundamentals-timeseries (quarterly),https://query1.finance.yahoo.com/ws/fundamentals-timeseries/v1/finance/timeseries/6981.T
6981.T,FY2025,2026-03-31,operating_income,281835.0,JPY,mn,Yahoo Finance fundamentals-timeseries (annual),https://query1.finance.yahoo.com/ws/fundamentals-timeseries/v1/finance/timeseries/6981.T
6981.T,FY2022,2023-03-31,r_and_d,124660.0,JPY,mn,Yahoo Finance fundamentals-timeseries (annual),https://query1.finance.yahoo.com/ws/fundamentals-timeseries/v1/finance/timeseries/6981.T
6981.T,FY2023,2024-03-31,r_and_d,132502.0,JPY,mn,Yahoo Finance fundamentals-timeseries (annual),https://query1.finance.yahoo.com/ws/fundamentals-timeseries/v1/finance/timeseries/6981.T
6981.T,FY2024,2025-03-31,r_and_d,149274.0,JPY,mn,Yahoo Finance fundamentals-timeseries (annual),https://query1.finance.yahoo.com/ws/fundamentals-timeseries/v1/finance/timeseries/6981.T
6981.T,Q:2025-03-31,2025-03-31,r_and_d,39446.0,JPY,mn,Yahoo Finance fundamentals-timeseries (quarterly),https://query1.finance.yahoo.com/ws/fundamentals-timeseries/v1/finance/timeseries/6981.T
6981.T,Q:2025-06-30,2025-06-30,r_and_d,39819.0,JPY,mn,Yahoo Finance fundamentals-timeseries (quarterly),https://query1.finance.yahoo.com/ws/fundamentals-timeseries/v1/finance/timeseries/6981.T
6981.T,Q:2025-09-30,2025-09-30,r_and_d,38176.0,JPY,mn,Yahoo Finance fundamentals-timeseries (quarterly),https://query1.finance.yahoo.com/ws/fundamentals-timeseries/v1/finance/timeseries/6981.T
6981.T,FY2025,2026-03-31,r_and_d,158870.0,JPY,mn,Yahoo Finance fundamentals-timeseries (annual),https://query1.finance.yahoo.com/ws/fundamentals-timeseries/v1/finance/timeseries/6981.T
6981.T,FY2022,2023-03-31,receivables,270239.0,JPY,mn,Yahoo Finance fundamentals-timeseries (annual),https://query1.finance.yahoo.com/ws/fundamentals-timeseries/v1/finance/timeseries/6981.T
6981.T,FY2023,2024-03-31,receivables,292736.0,JPY,mn,Yahoo Finance fundamentals-timeseries (annual),https://query1.finance.yahoo.com/ws/fundamentals-timeseries/v1/finance/timeseries/6981.T
6981.T,FY2024,2025-03-31,receivables,294419.0,JPY,mn,Yahoo Finance fundamentals-timeseries (annual),https://query1.finance.yahoo.com/ws/fundamentals-timeseries/v1/finance/timeseries/6981.T
6981.T,Q:2025-03-31,2025-03-31,receivables,294419.0,JPY,mn,Yahoo Finance fundamentals-timeseries (quarterly),https://query1.finance.yahoo.com/ws/fundamentals-timeseries/v1/finance/timeseries/6981.T
6981.T,Q:2025-06-30,2025-06-30,receivables,290913.0,JPY,mn,Yahoo Finance fundamentals-timeseries (quarterly),https://query1.finance.yahoo.com/ws/fundamentals-timeseries/v1/finance/timeseries/6981.T
6981.T,Q:2025-09-30,2025-09-30,receivables,337484.0,JPY,mn,Yahoo Finance fundamentals-timeseries (quarterly),https://query1.finance.yahoo.com/ws/fundamentals-timeseries/v1/finance/timeseries/6981.T
6981.T,FY2025,2026-03-31,receivables,328159.0,JPY,mn,Yahoo Finance fundamentals-timeseries (annual),https://query1.finance.yahoo.com/ws/fundamentals-timeseries/v1/finance/timeseries/6981.T
6981.T,FY2022,2023-03-31,revenue,1686796.0,JPY,mn,Yahoo Finance fundamentals-timeseries (annual),https://query1.finance.yahoo.com/ws/fundamentals-timeseries/v1/finance/timeseries/6981.T
6981.T,FY2023,2024-03-31,revenue,1640158.0,JPY,mn,Yahoo Finance fundamentals-timeseries (annual),https://query1.finance.yahoo.com/ws/fundamentals-timeseries/v1/finance/timeseries/6981.T
6981.T,FY2024,2025-03-31,revenue,1743352.0,JPY,mn,Yahoo Finance fundamentals-timeseries (annual),https://query1.finance.yahoo.com/ws/fundamentals-timeseries/v1/finance/timeseries/6981.T
6981.T,Q:2025-03-31,2025-03-31,revenue,411863.0,JPY,mn,Yahoo Finance fundamentals-timeseries (quarterly),https://query1.finance.yahoo.com/ws/fundamentals-timeseries/v1/finance/timeseries/6981.T
6981.T,Q:2025-06-30,2025-06-30,revenue,416154.0,JPY,mn,Yahoo Finance fundamentals-timeseries (quarterly),https://query1.finance.yahoo.com/ws/fundamentals-timeseries/v1/finance/timeseries/6981.T
6981.T,Q:2025-09-30,2025-09-30,revenue,486624.0,JPY,mn,Yahoo Finance fundamentals-timeseries (quarterly),https://query1.finance.yahoo.com/ws/fundamentals-timeseries/v1/finance/timeseries/6981.T
6981.T,FY2025,2026-03-31,revenue,1830856.0,JPY,mn,Yahoo Finance fundamentals-timeseries (annual),https://query1.finance.yahoo.com/ws/fundamentals-timeseries/v1/finance/timeseries/6981.T
6981.T,FY2021,2022-03-31,segment_capacitors_revenue,788539,JPY,mn,Fiscal.ai company_segments_and_kpis (annual),https://fiscal.ai
6981.T,FY2022,2023-03-31,segment_capacitors_revenue,738841,JPY,mn,Fiscal.ai company_segments_and_kpis (annual),https://fiscal.ai
6981.T,FY2023,2024-03-31,segment_capacitors_revenue,753520,JPY,mn,Fiscal.ai company_segments_and_kpis (annual),https://fiscal.ai
6981.T,FY2024,2025-03-31,segment_capacitors_revenue,831845,JPY,mn,Fiscal.ai company_segments_and_kpis (annual),https://fiscal.ai
6981.T,FY2025,2026-03-31,segment_capacitors_revenue,936418,JPY,mn,Fiscal.ai company_segments_and_kpis (annual),https://fiscal.ai
6981.T,FY2021,2022-03-31,segment_components_op_income,355536,JPY,mn,Fiscal.ai company_segments_and_kpis (annual),https://fiscal.ai
6981.T,FY2022,2023-03-31,segment_components_op_income,282263,JPY,mn,Fiscal.ai company_segments_and_kpis (annual),https://fiscal.ai
6981.T,FY2023,2024-03-31,segment_components_op_income,234181,JPY,mn,Fiscal.ai company_segments_and_kpis (annual),https://fiscal.ai
6981.T,FY2024,2025-03-31,segment_components_op_income,275150,JPY,mn,Fiscal.ai company_segments_and_kpis (annual),https://fiscal.ai
6981.T,FY2025,2026-03-31,segment_components_op_income,315132,JPY,mn,Fiscal.ai company_segments_and_kpis (annual),https://fiscal.ai
6981.T,FY2021,2022-03-31,segment_components_revenue,984299,JPY,mn,Fiscal.ai company_segments_and_kpis (annual),https://fiscal.ai
6981.T,FY2022,2023-03-31,segment_components_revenue,914165,JPY,mn,Fiscal.ai company_segments_and_kpis (annual),https://fiscal.ai
6981.T,FY2023,2024-03-31,segment_components_revenue,933771,JPY,mn,Fiscal.ai company_segments_and_kpis (annual),https://fiscal.ai
6981.T,FY2024,2025-03-31,segment_components_revenue,1033118,JPY,mn,Fiscal.ai company_segments_and_kpis (annual),https://fiscal.ai
6981.T,FY2025,2026-03-31,segment_components_revenue,1159734,JPY,mn,Fiscal.ai company_segments_and_kpis (annual),https://fiscal.ai
6981.T,FY2022,2023-03-31,shares_diluted,1896.3534,JPY,mn,Yahoo Finance fundamentals-timeseries (annual),https://query1.finance.yahoo.com/ws/fundamentals-timeseries/v1/finance/timeseries/6981.T
6981.T,FY2023,2024-03-31,shares_diluted,1889.2394,JPY,mn,Yahoo Finance fundamentals-timeseries (annual),https://query1.finance.yahoo.com/ws/fundamentals-timeseries/v1/finance/timeseries/6981.T
6981.T,FY2024,2025-03-31,shares_diluted,1869.3476,JPY,mn,Yahoo Finance fundamentals-timeseries (annual),https://query1.finance.yahoo.com/ws/fundamentals-timeseries/v1/finance/timeseries/6981.T
6981.T,Q:2025-06-30,2025-06-30,shares_diluted,1852.9258,JPY,mn,Yahoo Finance fundamentals-timeseries (quarterly),https://query1.finance.yahoo.com/ws/fundamentals-timeseries/v1/finance/timeseries/6981.T
6981.T,FY2025,2026-03-31,shares_diluted,1832.5108,JPY,mn,Yahoo Finance fundamentals-timeseries (annual),https://query1.finance.yahoo.com/ws/fundamentals-timeseries/v1/finance/timeseries/6981.T
6981.T,FY2022,2023-03-31,total_debt,155227.0,JPY,mn,Yahoo Finance fundamentals-timeseries (annual),https://query1.finance.yahoo.com/ws/fundamentals-timeseries/v1/finance/timeseries/6981.T
6981.T,FY2023,2024-03-31,total_debt,105940.0,JPY,mn,Yahoo Finance fundamentals-timeseries (annual),https://query1.finance.yahoo.com/ws/fundamentals-timeseries/v1/finance/timeseries/6981.T
6981.T,FY2024,2025-03-31,total_debt,59993.0,JPY,mn,Yahoo Finance fundamentals-timeseries (annual),https://query1.finance.yahoo.com/ws/fundamentals-timeseries/v1/finance/timeseries/6981.T
6981.T,Q:2025-03-31,2025-03-31,total_debt,59993.0,JPY,mn,Yahoo Finance fundamentals-timeseries (quarterly),https://query1.finance.yahoo.com/ws/fundamentals-timeseries/v1/finance/timeseries/6981.T
6981.T,Q:2025-06-30,2025-06-30,total_debt,60383.0,JPY,mn,Yahoo Finance fundamentals-timeseries (quarterly),https://query1.finance.yahoo.com/ws/fundamentals-timeseries/v1/finance/timeseries/6981.T
6981.T,Q:2025-09-30,2025-09-30,total_debt,59904.0,JPY,mn,Yahoo Finance fundamentals-timeseries (quarterly),https://query1.finance.yahoo.com/ws/fundamentals-timeseries/v1/finance/timeseries/6981.T
6981.T,FY2025,2026-03-31,total_debt,55768.0,JPY,mn,Yahoo Finance fundamentals-timeseries (annual),https://query1.finance.yahoo.com/ws/fundamentals-timeseries/v1/finance/timeseries/6981.T
6981.T,FY2022,2023-03-31,total_equity,2359985.0,JPY,mn,Yahoo Finance fundamentals-timeseries (annual),https://query1.finance.yahoo.com/ws/fundamentals-timeseries/v1/finance/timeseries/6981.T
6981.T,FY2023,2024-03-31,total_equity,2556147.0,JPY,mn,Yahoo Finance fundamentals-timeseries (annual),https://query1.finance.yahoo.com/ws/fundamentals-timeseries/v1/finance/timeseries/6981.T
6981.T,FY2024,2025-03-31,total_equity,2580805.0,JPY,mn,Yahoo Finance fundamentals-timeseries (annual),https://query1.finance.yahoo.com/ws/fundamentals-timeseries/v1/finance/timeseries/6981.T
6981.T,Q:2025-03-31,2025-03-31,total_equity,2580805.0,JPY,mn,Yahoo Finance fundamentals-timeseries (quarterly),https://query1.finance.yahoo.com/ws/fundamentals-timeseries/v1/finance/timeseries/6981.T
6981.T,Q:2025-06-30,2025-06-30,total_equity,2519040.0,JPY,mn,Yahoo Finance fundamentals-timeseries (quarterly),https://query1.finance.yahoo.com/ws/fundamentals-timeseries/v1/finance/timeseries/6981.T
6981.T,Q:2025-09-30,2025-09-30,total_equity,2597122.0,JPY,mn,Yahoo Finance fundamentals-timeseries (quarterly),https://query1.finance.yahoo.com/ws/fundamentals-timeseries/v1/finance/timeseries/6981.T
6981.T,FY2025,2026-03-31,total_equity,2718743.0,JPY,mn,Yahoo Finance fundamentals-timeseries (annual),https://query1.finance.yahoo.com/ws/fundamentals-timeseries/v1/finance/timeseries/6981.T
